snapped_at,price,market_cap,total_volume,Logaritmic return
2018-11-24 00:00:00 UTC,0.002389204,279806752.2,25383530.1,0.002415394
2018-11-23 00:00:00 UTC,0.00238344,280595248.9,25485802.08,-0.029763331
2018-11-22 00:00:00 UTC,0.002455446,288229813.7,47954470.65,0.087412925
2018-11-21 00:00:00 UTC,0.002249921,261951119.2,58142222.21,-0.071009395
2018-11-20 00:00:00 UTC,0.002415496,282278657.4,52185354.1,-0.085255295
2018-11-19 00:00:00 UTC,0.002630463,308366870.8,28686382.67,0.006783141
2018-11-18 00:00:00 UTC,0.002612681,305712328.4,33180812.28,-0.057342571
2018-11-17 00:00:00 UTC,0.002766877,323767178.6,44261260.7,-0.019598619
2018-11-16 00:00:00 UTC,0.002821639,330135713,52740951.02,0.029711376
2018-11-15 00:00:00 UTC,0.002739038,320433288.7,45329973.73,-0.074443784
2018-11-14 00:00:00 UTC,0.002950724,345155963.9,28749683.2,-0.037146725
2018-11-13 00:00:00 UTC,0.003062395,358177186.5,29251210.17,-0.031750245
2018-11-12 00:00:00 UTC,0.003161186,369687654.2,27913846.39,-0.043048565
2018-11-11 00:00:00 UTC,0.003300243,384859982.1,39024459.06,0.048701097
2018-11-10 00:00:00 UTC,0.003143368,366511242.7,46045251.46,-0.073320573
2018-11-09 00:00:00 UTC,0.003382501,396781335.2,39680510.13,-0.073914385
2018-11-08 00:00:00 UTC,0.003641989,425053076.5,40695141.02,-0.016854775
2018-11-07 00:00:00 UTC,0.003703894,431969150,57720726,0.023745169
2018-11-06 00:00:00 UTC,0.00361698,422689207.5,44038431.39,-0.009096622
2018-11-05 00:00:00 UTC,0.003650033,426483985.6,48552099.86,-0.028147936
2018-11-04 00:00:00 UTC,0.003754233,438598177,32795656.98,-0.008917996
2018-11-03 00:00:00 UTC,0.003787863,442502544.4,32429149.79,0.003308534
2018-11-02 00:00:00 UTC,0.003775351,440948457.9,28808918.3,-0.006930426
2018-11-01 00:00:00 UTC,0.003801607,444017276.9,32876351.02,-0.020819232
2018-10-31 00:00:00 UTC,0.003881583,453614593.5,32110880.54,-0.009760761
2018-10-30 00:00:00 UTC,0.003919656,457894783.7,49584745.39,-0.05150196
2018-10-29 00:00:00 UTC,0.004126815,481704176.8,32694411.01,-0.017534671
2018-10-28 00:00:00 UTC,0.004199815,490660023.2,52554600.81,0.044707736
2018-10-27 00:00:00 UTC,0.004016186,468470525.8,44783257.16,0.072653615
2018-10-26 00:00:00 UTC,0.003734744,436326808.8,35064154.65,-0.054605218
2018-10-25 00:00:00 UTC,0.003944351,460290093,49560452.79,-0.066727126
2018-10-24 00:00:00 UTC,0.004216526,492136865.3,43205613.85,-0.059872636
2018-10-23 00:00:00 UTC,0.004476691,522287161.5,38638613.5,-0.017817245
2018-10-22 00:00:00 UTC,0.004557168,531619294,34806957.55,-0.012559577
2018-10-21 00:00:00 UTC,0.004614765,537765179.1,31794823.47,0.015699613
2018-10-20 00:00:00 UTC,0.004542881,529544890.7,51456237.1,0.021358207
2018-10-19 00:00:00 UTC,0.004446882,518563653.9,59860877.62,-0.052364225
2018-10-18 00:00:00 UTC,0.004685944,546274169.9,54519541.32,-0.086534422
2018-10-17 00:00:00 UTC,0.005109501,595577161.8,43932582.4,-0.048991006
2018-10-16 00:00:00 UTC,0.005366054,624429338.8,105442541.4,0.026718465
2018-10-15 00:00:00 UTC,0.00522458,609536185.1,35334253.64,-0.002440945
2018-10-14 00:00:00 UTC,0.005237348,610379977.1,36985605.21,-0.007565596
2018-10-13 00:00:00 UTC,0.005277122,614876281.9,60091426.97,0.042360407
2018-10-12 00:00:00 UTC,0.00505825,589409791.1,101460692.5,-0.102024273
2018-10-11 00:00:00 UTC,0.005601558,652552530.8,52730948.8,-0.008121051
2018-10-10 00:00:00 UTC,0.005647234,656491356.9,47416252.02,0.00312895
2018-10-09 00:00:00 UTC,0.005629591,656466356,68655357.7,0.004609914
2018-10-08 00:00:00 UTC,0.005603699,652610280,45079701.48,0.002066096
2018-10-07 00:00:00 UTC,0.005592133,650756160.6,46254394.24,-0.016612562
2018-10-06 00:00:00 UTC,0.005685809,661849317.2,33555941.8,0.005122241
2018-10-05 00:00:00 UTC,0.005656759,658554448.6,39675967.03,-0.014270668
2018-10-04 00:00:00 UTC,0.005738064,668356409.2,39003795.9,-0.015891571
2018-10-03 00:00:00 UTC,0.005829979,678560009.3,24158070.72,-0.02082991
2018-10-02 00:00:00 UTC,0.005952691,693369807.9,32441058.3,0.00116076
2018-10-01 00:00:00 UTC,0.005945785,691874674.1,27913420.36,0.009812471
2018-09-30 00:00:00 UTC,0.005887727,685053386,22195771.89,0.001800763
2018-09-29 00:00:00 UTC,0.005877135,683725924.9,32655869.45,-0.002001672
2018-09-28 00:00:00 UTC,0.00588891,685148286.9,30153540.75,0.023148732
2018-09-27 00:00:00 UTC,0.005754155,669315660.4,20049763.68,0.001074252
2018-09-26 00:00:00 UTC,0.005747977,668458004.6,37863779.24,0.011182565
2018-09-25 00:00:00 UTC,0.005684058,660940842.5,28334596.11,-0.04566521
2018-09-24 00:00:00 UTC,0.00594964,691607633.1,19903983.57,0.023506028
2018-09-23 00:00:00 UTC,0.005811418,675594241,25316177.72,0.019365759
2018-09-22 00:00:00 UTC,0.005699958,662557760.8,46315078.04,0.000317383
2018-09-21 00:00:00 UTC,0.00569815,662268777,40734057.01,0.014701336
2018-09-20 00:00:00 UTC,0.005614992,652533947.9,58700359.26,-0.058967105
2018-09-19 00:00:00 UTC,0.005956048,692437703,65339957.11,-0.048433812
2018-09-18 00:00:00 UTC,0.006251623,726149628,55310588.85,-0.049952413
2018-09-17 00:00:00 UTC,0.006571838,763449216.5,33931535.93,0.053190836
2018-09-16 00:00:00 UTC,0.00623141,724088669.2,25495497.69,0.006843628
2018-09-15 00:00:00 UTC,0.00618891,717419930.8,69389664.72,-0.056756707
2018-09-14 00:00:00 UTC,0.006550332,760677872.9,81929941.74,0.015528346
2018-09-13 00:00:00 UTC,0.006449402,748866068.2,92457187.68,0.021959656
2018-09-12 00:00:00 UTC,0.006309319,732643192,132976489.6,-0.087065223
2018-09-11 00:00:00 UTC,0.006883264,799471029.3,117455999.4,0.166556391
2018-09-10 00:00:00 UTC,0.0058272,676826983,60463728.3,0.025802601
2018-09-09 00:00:00 UTC,0.005678766,659173740.4,86298380.88,0.073420667
2018-09-08 00:00:00 UTC,0.005276765,612498274.9,54319256.95,0.056323451
2018-09-07 00:00:00 UTC,0.004987775,578779766.8,64452168.31,-0.003348554
2018-09-06 00:00:00 UTC,0.005004504,580231924.9,118013357.6,-0.051306093
2018-09-05 00:00:00 UTC,0.005267967,611103817.8,63352322,-0.006583219
2018-09-04 00:00:00 UTC,0.005302761,615548810.4,89169522.57,0.050245604
2018-09-03 00:00:00 UTC,0.005042904,584983354.9,197295888.2,-0.222307979
2018-09-02 00:00:00 UTC,0.006298365,730758477.1,285339768.5,0.253490557
2018-09-01 00:00:00 UTC,0.00488808,566508785.1,124412841.3,0.41963373
2018-08-31 00:00:00 UTC,0.003212874,372481173.1,41905290.57,0.206130096
2018-08-30 00:00:00 UTC,0.002614403,303090201.3,5052763.01,-0.007682636
2018-08-29 00:00:00 UTC,0.002634566,305101732.4,4707245.85,0.055085166
2018-08-28 00:00:00 UTC,0.002493365,288254859.2,3656831.373,0.031841642
2018-08-27 00:00:00 UTC,0.002415223,279870234.7,2373730.055,0.004176284
2018-08-26 00:00:00 UTC,0.002405157,278592877.5,2594940.939,-0.006308495
2018-08-25 00:00:00 UTC,0.002420378,280561176.8,2401626.849,0.014441361
2018-08-24 00:00:00 UTC,0.002385676,275926694,2615689.133,0.030379387
2018-08-23 00:00:00 UTC,0.00231429,268213944.6,5781439.742,-0.044016591
2018-08-22 00:00:00 UTC,0.002418432,280106475.5,2082911.657,0.025499129
2018-08-21 00:00:00 UTC,0.002357544,272989912.5,2481114.36,-0.048042182
2018-08-20 00:00:00 UTC,0.00247357,286383364.1,4064816.631,0.02869114
2018-08-19 00:00:00 UTC,0.002403609,278187605.8,8131349.506,-0.037722723
2018-08-18 00:00:00 UTC,0.002496012,289035359.3,4174969.463,0.074710094
2018-08-17 00:00:00 UTC,0.00231633,264870601.9,5509242.485,0.004150322
2018-08-16 00:00:00 UTC,0.002306737,266925072.5,4062750.052,0.021280421
2018-08-15 00:00:00 UTC,0.002258167,261294794.1,10186404.8,-0.044108646
2018-08-14 00:00:00 UTC,0.002360001,273045374.8,4185327.191,-0.028133225
2018-08-13 00:00:00 UTC,0.002427338,280802352.9,2632072.878,0.007004596
2018-08-12 00:00:00 UTC,0.002410395,278808840.4,3359244.118,-0.010638381
2018-08-11 00:00:00 UTC,0.002436175,281756979,3698556.792,-0.051754456
2018-08-10 00:00:00 UTC,0.002565577,296687845.5,5794149.574,0.050098377
2018-08-09 00:00:00 UTC,0.002440212,282156316.5,3105466.754,-0.093648552
2018-08-08 00:00:00 UTC,0.002679777,309819552.5,3334538.846,-0.036708106
2018-08-07 00:00:00 UTC,0.002779975,321365033.2,3692588.865,-0.022707414
2018-08-06 00:00:00 UTC,0.002843823,328706346,8771105.192,0.006139597
2018-08-05 00:00:00 UTC,0.002826416,326655538.4,3030645.839,-0.046202274
2018-08-04 00:00:00 UTC,0.002960067,342061200.1,6730526.888,-0.011080752
2018-08-03 00:00:00 UTC,0.002993049,345830847,4060834.635,-0.018611804
2018-08-02 00:00:00 UTC,0.003049277,352285296,11908753.08,0.011779633
2018-08-01 00:00:00 UTC,0.003013568,348117920.1,11573117.76,-0.082282892
2018-07-31 00:00:00 UTC,0.00327202,377928075.5,13035325.26,-0.00579947
2018-07-30 00:00:00 UTC,0.003291052,380080769.4,4908862.783,-0.032312164
2018-07-29 00:00:00 UTC,0.003399129,392515352,2919796.2,-0.003009996
2018-07-28 00:00:00 UTC,0.003409376,393651307.3,4323263.758,0.010031754
2018-07-27 00:00:00 UTC,0.003375345,389675142.5,6021587.852,-0.03922378
2018-07-26 00:00:00 UTC,0.00351037,405214516.9,12653828.96,-0.040119491
2018-07-25 00:00:00 UTC,0.003654067,421751600.8,9932825.572,0.067343655
2018-07-24 00:00:00 UTC,0.003416092,394236853.5,8141897.459,-0.011591042
2018-07-23 00:00:00 UTC,0.003455918,398785666.4,10912023.29,0.056510656
2018-07-22 00:00:00 UTC,0.003266038,376829788.6,11126053.94,-0.048207638
2018-07-21 00:00:00 UTC,0.003427343,395393140.3,16987282.52,-0.107464459
2018-07-20 00:00:00 UTC,0.003816179,440198018.4,26025649.98,0.033369678
2018-07-19 00:00:00 UTC,0.003690936,425700390.4,43325799.03,0.134173795
2018-07-18 00:00:00 UTC,0.003227495,372203813,15409100.5,0.127801112
2018-07-17 00:00:00 UTC,0.002840287,327510500.2,16248820.29,0.174842837
2018-07-16 00:00:00 UTC,0.002384674,274941188.9,2459655.553,0.023714036
2018-07-15 00:00:00 UTC,0.002328789,268465622.7,2410248.754,0.020807988
2018-07-14 00:00:00 UTC,0.002280832,262905477.8,4376691.273,-0.015213391
2018-07-13 00:00:00 UTC,0.002315796,266903755.7,3325604.37,-0.045632323
2018-07-12 00:00:00 UTC,0.00242392,279331929.3,8985185.891,0.010688498
2018-07-11 00:00:00 UTC,0.00239815,276328970.8,5812908.36,-0.069842192
2018-07-10 00:00:00 UTC,0.002571629,296282900.6,2380994.046,-0.012787778
2018-07-09 00:00:00 UTC,0.002604726,300059740,2623026.633,-0.008736619
2018-07-08 00:00:00 UTC,0.002627582,302656495.8,1994952.848,0.01775621
2018-07-07 00:00:00 UTC,0.002581338,297294141.7,2254765.807,0.005667123
2018-07-06 00:00:00 UTC,0.00256675,295578718.2,2198017.342,-0.024195541
2018-07-05 00:00:00 UTC,0.002629612,302781547.8,3152067.102,0.001937122
2018-07-04 00:00:00 UTC,0.002624523,302159194.5,4262380.1,-0.033061709
2018-07-03 00:00:00 UTC,0.002712744,312278532.3,4648616.931,0.08246642
2018-07-02 00:00:00 UTC,0.00249801,287524688.4,1682405.141,-0.001415045
2018-07-01 00:00:00 UTC,0.002501547,287897248.2,3816597.266,0.044443424
2018-06-30 00:00:00 UTC,0.002392804,275348973.1,2315608.074,0.048156605
2018-06-29 00:00:00 UTC,0.002280305,262371485.5,2886380.906,-0.056373583
2018-06-28 00:00:00 UTC,0.002412547,277553601.5,4702986.576,-0.021952048
2018-06-27 00:00:00 UTC,0.002466093,283679373.4,3149561.86,-0.010476744
2018-06-26 00:00:00 UTC,0.002492065,286632377.4,4598346.828,0.002636316
2018-06-25 00:00:00 UTC,0.002485504,285843476.1,8622930.052,-0.079018477
2018-06-24 00:00:00 UTC,0.002689873,309309680,8535613.391,0.002091252
2018-06-23 00:00:00 UTC,0.002684254,308626216.6,8171782.171,-0.09894928
2018-06-22 00:00:00 UTC,0.002963444,340685286,3563187.122,-0.016789829
2018-06-21 00:00:00 UTC,0.003013619,346411762.8,2647331.705,0.004532949
2018-06-20 00:00:00 UTC,0.00299999,344803841.3,3734255.302,-0.006231572
2018-06-19 00:00:00 UTC,0.003018743,346917531.3,6313605.943,0.033475423
2018-06-18 00:00:00 UTC,0.002919362,335456106.2,3819283.122,0.004600925
2018-06-17 00:00:00 UTC,0.002905961,333875850.4,3799225.051,0.008937982
2018-06-16 00:00:00 UTC,0.002880103,330865354,10653210.65,-0.026554553
2018-06-15 00:00:00 UTC,0.002957607,339728194.4,8379284.796,0.051721583
2018-06-14 00:00:00 UTC,0.002808524,322564799.1,10810222.67,-0.097286201
2018-06-13 00:00:00 UTC,0.003095487,355480090.7,4107571.118,-0.041331755
2018-06-12 00:00:00 UTC,0.00322611,370435549.4,3621629.38,0.023063424
2018-06-11 00:00:00 UTC,0.003152556,361946357.7,4534855.684,-0.132928637
2018-06-10 00:00:00 UTC,0.00360075,413353335.9,3038353.908,-0.022413596
2018-06-09 00:00:00 UTC,0.003682367,422671427.2,4307035.68,-0.010978863
2018-06-08 00:00:00 UTC,0.003723018,427285644.9,4438808.797,0.002602255
2018-06-07 00:00:00 UTC,0.003713343,426123430.3,20308543.55,0.022752543
2018-06-06 00:00:00 UTC,0.003629808,416487178.6,18338605.57,0.032758525
2018-06-05 00:00:00 UTC,0.003512828,403015836.2,20802395.77,-0.041994161
2018-06-04 00:00:00 UTC,0.003663487,420249714.8,18871252.38,0.033015963
2018-06-03 00:00:00 UTC,0.003544509,406552155.2,4512781.26,0.039078865
2018-06-02 00:00:00 UTC,0.003408665,390923503,3508883.181,0.012480339
2018-06-01 00:00:00 UTC,0.003366388,386028074.2,7125656.478,-0.001687326
2018-05-31 00:00:00 UTC,0.003372073,386632767,6910700.821,-0.018159324
2018-05-30 00:00:00 UTC,0.003433867,393669611.3,6990620.193,0.067896024
2018-05-29 00:00:00 UTC,0.00320846,367784024.4,4024296.643,-0.047027375
2018-05-28 00:00:00 UTC,0.003362949,385446441.1,2629939.584,-0.030437558
2018-05-27 00:00:00 UTC,0.003466883,397311182.7,3332954.124,-0.020049803
2018-05-26 00:00:00 UTC,0.003537095,405308545.8,6694328.191,0.009304381
2018-05-25 00:00:00 UTC,0.003504337,401506303.8,9377559.733,0.009393365
2018-05-24 00:00:00 UTC,0.003471574,397704101.7,11656776.09,-0.106987742
2018-05-23 00:00:00 UTC,0.003863586,442559028.7,8577930.927,-0.080568033
2018-05-22 00:00:00 UTC,0.004187751,479632904,16291146.97,-0.034281878
2018-05-21 00:00:00 UTC,0.004333804,496300322.7,11457311.32,0.019860228
2018-05-20 00:00:00 UTC,0.004248582,486481901.4,11756413.76,0.020887399
2018-05-19 00:00:00 UTC,0.004160761,476368172.1,12387427.86,0.021768595
2018-05-18 00:00:00 UTC,0.004071166,466040227.8,15239849.92,-0.071774534
2018-05-17 00:00:00 UTC,0.004374114,500658774.3,7638683.007,-0.033961729
2018-05-16 00:00:00 UTC,0.004525218,517891197.4,20059999.95,0.005399618
2018-05-15 00:00:00 UTC,0.004500849,515040315.7,10235346.13,0.068078247
2018-05-14 00:00:00 UTC,0.004204636,481085726.8,17609313.17,0.044720294
2018-05-13 00:00:00 UTC,0.004020746,459989481.5,22567589.43,-0.104687689
2018-05-12 00:00:00 UTC,0.004464491,510693327.8,26570198.69,-0.062314404
2018-05-11 00:00:00 UTC,0.004751544,543463514.3,31242796.94,-0.056964122
2018-05-10 00:00:00 UTC,0.005030069,575261372.3,32034282.8,-0.032130291
2018-05-09 00:00:00 UTC,0.005194311,593972533.4,38746625.18,0.074911046
2018-05-08 00:00:00 UTC,0.004819417,551035915.2,23933593.95,-0.031986262
2018-05-07 00:00:00 UTC,0.004976064,568877774.2,31272850.62,-0.03817593
2018-05-06 00:00:00 UTC,0.005169703,590943620.9,28505105.93,-0.015798824
2018-05-05 00:00:00 UTC,0.005252026,600281363.1,13009356.08,-0.034618258
2018-05-04 00:00:00 UTC,0.005437026,621350567.2,7694397.83,0.026101187
2018-05-03 00:00:00 UTC,0.005296949,605268412.7,48592343.92,0.033052709
2018-05-02 00:00:00 UTC,0.005124733,585518477.8,9712134.778,-0.036073193
2018-05-01 00:00:00 UTC,0.005312973,606951621.5,34088347.24,-0.020932236
2018-04-30 00:00:00 UTC,0.005425357,619715233,35358933.99,-0.005889311
2018-04-29 00:00:00 UTC,0.005457403,623299707.8,33088076.14,0.007198319
2018-04-28 00:00:00 UTC,0.00541826,618754452,35679865.04,-0.024402771
2018-04-27 00:00:00 UTC,0.005552107,633963019.8,13673818.48,0.090765069
2018-04-26 00:00:00 UTC,0.005070363,578884743.3,17348529.33,-0.141184583
2018-04-25 00:00:00 UTC,0.005839219,666584888.2,14208213.96,0.053449829
2018-04-24 00:00:00 UTC,0.005535308,631813869.9,11321554.1,-0.002038763
2018-04-23 00:00:00 UTC,0.005546605,633027252.4,10438060.95,0.025290916
2018-04-22 00:00:00 UTC,0.005408085,617142579.1,19547967.55,-0.061192578
2018-04-21 00:00:00 UTC,0.005749355,656006897.9,16060097.2,-0.013675292
2018-04-20 00:00:00 UTC,0.005828519,664958880,25721354.95,0.078355819
2018-04-19 00:00:00 UTC,0.005389255,614769579.3,20812259.73,0.136649736
2018-04-18 00:00:00 UTC,0.004700916,536183031.3,15897736.03,0.022558254
2018-04-17 00:00:00 UTC,0.004596059,524158758.9,21539817.89,0.005232931
2018-04-16 00:00:00 UTC,0.004572071,521360026.6,9885477.775,0.100939153
2018-04-15 00:00:00 UTC,0.004133097,471245580.1,12629917.74,0.039792058
2018-04-14 00:00:00 UTC,0.003971862,452806713.9,16432200.75,0.047389556
2018-04-13 00:00:00 UTC,0.003788027,431795906.2,13647979.34,0.126379054
2018-04-12 00:00:00 UTC,0.003338316,380487049.2,22873391.44,0.073117621
2018-04-11 00:00:00 UTC,0.003102936,353616683.8,10406446.56,0.121256556
2018-04-10 00:00:00 UTC,0.002748601,313197438.1,3624895.798,-0.029108886
2018-04-09 00:00:00 UTC,0.002829786,322408823.5,2925820.131,0.007981274
2018-04-08 00:00:00 UTC,0.002807291,319806919.8,2183401.034,0.042854245
2018-04-07 00:00:00 UTC,0.002689528,306354071,2354869.296,-0.032901317
2018-04-06 00:00:00 UTC,0.002779488,316562497.2,3578304.213,0.02549266
2018-04-05 00:00:00 UTC,0.002709527,308556830.9,2926252.226,-0.106005645
2018-04-04 00:00:00 UTC,0.003012529,343020285.6,5158093.858,0.073176559
2018-04-03 00:00:00 UTC,0.002799955,318776941.4,3168134.498,0.036512889
2018-04-02 00:00:00 UTC,0.002699564,307309825.1,2051755.267,-0.036011419
2018-04-01 00:00:00 UTC,0.002798551,318539152.1,2868912.704,0.018733423
2018-03-31 00:00:00 UTC,0.002746613,312589102.8,4489009.675,-0.021696627
2018-03-30 00:00:00 UTC,0.002806856,319406112.8,5005241.938,-0.107733797
2018-03-29 00:00:00 UTC,0.003126139,355695590.6,3794628.044,0.0015884
2018-03-28 00:00:00 UTC,0.003121178,355088015.1,4194759.055,-0.046169638
2018-03-27 00:00:00 UTC,0.00326866,371821023.4,4851044.815,-0.057225555
2018-03-26 00:00:00 UTC,0.003461166,393670953,2682541.704,-0.005734805
2018-03-25 00:00:00 UTC,0.003481072,395886678,4003662.093,-0.015649646
2018-03-24 00:00:00 UTC,0.003535979,402082100.2,4828858.348,-0.004847619
2018-03-23 00:00:00 UTC,0.003553161,403986338.7,3882214.394,-0.029763985
2018-03-22 00:00:00 UTC,0.003660507,416140801.3,5335319.375,-0.000498473
2018-03-21 00:00:00 UTC,0.003662332,416297532.4,5337562.801,0.04410783
2018-03-20 00:00:00 UTC,0.003504305,398285617,7384143.577,0.097598702
2018-03-19 00:00:00 UTC,0.00317845,361206259.5,7900788.833,-0.049696984
2018-03-18 00:00:00 UTC,0.0033404,379564426.7,4806046.437,-0.073412625
2018-03-17 00:00:00 UTC,0.003594853,408427812.4,5213975.32,0.012664127
2018-03-16 00:00:00 UTC,0.003549615,403235736.2,7298352.603,-0.002274557
2018-03-15 00:00:00 UTC,0.003557698,404104487.2,5889480.342,-0.101827836
2018-03-14 00:00:00 UTC,0.003939058,447366960.8,4568458.722,-0.025933588
2018-03-13 00:00:00 UTC,0.004042548,459064429.2,6523978.831,-0.033330881
2018-03-12 00:00:00 UTC,0.00417956,474565045.5,4696853.49,0.042927632
2018-03-11 00:00:00 UTC,0.004003938,454568661.7,6159250.179,-0.027064214
2018-03-10 00:00:00 UTC,0.004113781,466982300.8,8357674.692,0.023901801
2018-03-09 00:00:00 UTC,0.00401662,455896573.2,9497498.746,0.000590859
2018-03-08 00:00:00 UTC,0.004014247,455571709.6,10870250.25,-0.128020774
2018-03-07 00:00:00 UTC,0.0045625,517728793.5,9841626.854,-0.1154855
2018-03-06 00:00:00 UTC,0.005121033,581036615.7,8273085.646,-0.038445696
2018-03-05 00:00:00 UTC,0.005321748,603736039.5,7080506.783,0.010501668
2018-03-04 00:00:00 UTC,0.005266153,597357005.3,15311091.15,-0.055538406
2018-03-03 00:00:00 UTC,0.005566901,631394587.5,14112268.19,-0.095988653
2018-03-02 00:00:00 UTC,0.006127748,694919660.4,7575101.135,0.028466659
2018-03-01 00:00:00 UTC,0.005955771,675333042.8,8374216.561,-0.058088666
2018-02-28 00:00:00 UTC,0.006311979,715636381.5,8084176.153,-0.009481485
2018-02-27 00:00:00 UTC,0.006372111,722365758.9,8000767.849,0.028801637
2018-02-26 00:00:00 UTC,0.006191201,701771154.4,6821700.067,-0.011762679
2018-02-25 00:00:00 UTC,0.006264456,709988425.2,8890145.258,-0.064665933
2018-02-24 00:00:00 UTC,0.006682938,757324833,12982630.72,0.068549337
2018-02-23 00:00:00 UTC,0.006240176,707061750.8,12465402.01,-0.000961158
2018-02-22 00:00:00 UTC,0.006246177,707741675.3,12280182.12,-0.127035375
2018-02-21 00:00:00 UTC,0.007092266,803412591.8,64338065.93,0.054251273
2018-02-20 00:00:00 UTC,0.006717752,760894698.8,8668377.773,0.035660199
2018-02-19 00:00:00 UTC,0.006482417,734149068.3,11158305.55,-0.085554104
2018-02-18 00:00:00 UTC,0.00706143,799625938.4,13778528.71,0.005530342
2018-02-17 00:00:00 UTC,0.007022485,795118014.8,21175721.49,-0.04418404
2018-02-16 00:00:00 UTC,0.007339724,830934603,32892225.15,0.086037555
2018-02-15 00:00:00 UTC,0.006734635,762403796.4,32703063.29,0.187074823
2018-02-14 00:00:00 UTC,0.005585583,632245165.5,9219414.846,0.024147863
2018-02-13 00:00:00 UTC,0.005452319,617066020.7,8085282.083,0.088416853
2018-02-12 00:00:00 UTC,0.004990939,564779167.7,8847708.72,-0.002497703
2018-02-11 00:00:00 UTC,0.005003421,566121914,12667632.37,0.0058242
2018-02-10 00:00:00 UTC,0.004974365,562764424.4,8013089.171,0.098967249
2018-02-09 00:00:00 UTC,0.004505642,509674093.9,7369681.991,0.056999705
2018-02-08 00:05:28 UTC,0.004256004,481375874.7,9276714.461,-0.014560089
2018-02-07 00:00:00 UTC,0.004318425,488375783,16051238.97,0.221288372
2018-02-06 00:00:00 UTC,0.003461155,391377685,8811902.916,-0.239928157
2018-02-05 00:00:00 UTC,0.004399675,497441064,9786740.03,-0.141950197
2018-02-04 00:00:00 UTC,0.00507071,573240050.4,15431662.43,0.136319091
2018-02-03 00:00:00 UTC,0.004424519,500127220.5,23728586.69,-0.119141574
2018-02-02 00:00:00 UTC,0.004984351,563339188.2,14156843.95,-0.167829737
2018-02-01 00:00:00 UTC,0.005895168,666198506.9,11616296.46,-0.008758378
2018-01-31 00:00:00 UTC,0.005947027,671975876.2,12066227.32,-0.142566574
2018-01-30 00:05:20 UTC,0.006858289,774846379.5,9856115.038,-0.006669772
2018-01-29 00:00:00 UTC,0.006904185,780031701.7,10014746.96,-0.077871161
2018-01-28 00:00:00 UTC,0.007463309,843096660.5,11326669.73,0.013147422
2018-01-27 00:00:00 UTC,0.007365828,831982091.6,8630229.791,0.032117226
2018-01-26 00:00:00 UTC,0.007133017,805585767.6,14412417.68,-0.058306651
2018-01-25 00:00:00 UTC,0.007561283,853847825.3,16589242.67,0.072960105
2018-01-24 00:00:00 UTC,0.007029255,793671398.5,12298771.28,0.056240955
2018-01-23 00:00:00 UTC,0.006644835,750174326.4,13954455.24,-0.015947961
2018-01-22 00:00:00 UTC,0.006751656,762138673.2,15519942.78,-0.063826219
2018-01-21 00:00:00 UTC,0.007196638,812268715.4,17263817.74,-0.189252534
2018-01-20 00:00:00 UTC,0.008696029,981380065.2,18000141.59,0.084025992
2018-01-19 00:00:00 UTC,0.007995193,902176682.9,20287765.29,-0.007153514
2018-01-18 00:00:00 UTC,0.008052592,908541831.4,44728415.09,0.036179823
2018-01-17 00:00:00 UTC,0.007766458,876186946.4,51006162.65,0.110320483
2018-01-16 00:00:00 UTC,0.006955229,784569098.7,54068722.71,-0.40072808
2018-01-15 00:00:00 UTC,0.01038354,1171146365,50340005.7,-0.14972094
2018-01-14 00:00:00 UTC,0.012060586,1360129472,42926009.25,-0.073885094
2018-01-13 00:00:00 UTC,0.012985429,1464247390,46480141.8,-0.031906361
2018-01-12 00:00:00 UTC,0.013406427,1511532590,46994581.29,0.129026051
2018-01-11 00:00:00 UTC,0.011783593,1328397832,45857579.52,-0.128387755
2018-01-10 00:00:00 UTC,0.013397872,1510191507,79260537.29,-0.060679064
2018-01-09 00:00:00 UTC,0.014236015,1604465750,86409595.39,-0.095649469
2018-01-08 00:00:00 UTC,0.01566493,1765290924,199176617.2,-0.115683944
2018-01-07 00:00:00 UTC,0.017586093,1981540125,247655386.6,0.102961951
2018-01-06 00:00:00 UTC,0.015865492,1787445754,243794071.7,0.136494585
2018-01-05 00:00:00 UTC,0.013841231,1559192910,157459282.8,0.315282747
2018-01-04 00:00:00 UTC,0.01009832,1137418029,85836326.06,0.051441337
2018-01-03 00:00:00 UTC,0.009591984,1080254157,51581602.9,0.027109246
2018-01-02 00:00:00 UTC,0.009335446,1051232682,67823550.1,0.026512752
2018-01-01 00:00:00 UTC,0.00909119,1023600846,38572892.39,-0.051915971
2017-12-31 00:00:00 UTC,0.009575634,1078012860,46903038.31,0.136551101
2017-12-30 00:00:00 UTC,0.008353417,940301498.9,46305226.84,-0.155459884
2017-12-29 00:00:00 UTC,0.00975842,1098320382,56483783.65,0.129394401
2017-12-28 00:00:00 UTC,0.008574015,964895132.7,40412263.93,-0.085027597
2017-12-27 00:00:00 UTC,0.009334934,1050398243,49772774.85,-0.055938942
2017-12-26 00:00:00 UTC,0.009872002,1110694816,118511247.9,0.083286882
2017-12-25 00:00:00 UTC,0.009083102,1021809775,143145349.7,0.001319591
2017-12-24 00:00:00 UTC,0.009071124,1020336054,139655302.9,0.17480275
2017-12-23 00:00:00 UTC,0.007616321,856591596,57397434.59,0.203397885
2017-12-22 00:00:00 UTC,0.006214564,698852820.4,51363393.16,-0.227697064
2017-12-21 00:00:00 UTC,0.007803658,877445209.5,151490630.6,0.128925615
2017-12-20 00:00:00 UTC,0.006859723,771213480.9,62478173.22,0.191996696
2017-12-19 00:00:00 UTC,0.005661395,636410609.8,31201865.18,-0.119869117
2017-12-18 00:00:00 UTC,0.00638237,717368607.3,35269941.72,0.067639011
2017-12-17 00:00:00 UTC,0.005964949,670368327.4,80333909.09,0.006876326
2017-12-16 00:00:00 UTC,0.005924072,665691724,120266309.5,0.453541305
2017-12-15 00:00:00 UTC,0.003764002,422911344.6,15144658.17,0.001508736
2017-12-14 00:00:00 UTC,0.003758328,422221799.9,18417092.87,0.098806912
2017-12-13 00:00:00 UTC,0.003404735,382450807.2,23213339.18,0.064392036
2017-12-12 00:00:00 UTC,0.003192407,358555932.8,15677121.37,0.154315406
2017-12-11 00:00:00 UTC,0.002735898,307245077.3,5916276.621,0.033391767
2017-12-10 00:00:00 UTC,0.00264605,297118061.7,5059133.132,-0.020982851
2017-12-09 00:00:00 UTC,0.002702158,303381007.2,5963060.957,-0.055235408
2017-12-08 00:00:00 UTC,0.002855612,320569762.1,10989038.82,-0.019456306
2017-12-07 00:00:00 UTC,0.002911716,326827110.5,14016775.68,0.085826976
2017-12-06 00:00:00 UTC,0.002672236,299909257.3,139768.767,0.032918804
2017-12-05 00:00:00 UTC,0.002585701,290161576.8,7665127.468,0.048308359
2017-12-04 00:00:00 UTC,0.002463759,276443367.4,5817492.994,0.110786047
2017-12-03 00:00:00 UTC,0.002205385,247422699.3,4311416.841,0.020409652
2017-12-02 00:00:00 UTC,0.002160831,242394202,4584155.247,0.008606289
2017-12-01 00:00:00 UTC,0.002142314,240287419,4669696.961,0.024050895
2017-11-30 00:00:00 UTC,0.002091404,234538409.2,4271766.049,-0.008141281
2017-11-29 00:00:00 UTC,0.0021085,236426763.4,9642645.16,-0.126429506
2017-11-28 00:00:00 UTC,0.002392661,268256736.6,8151002.112,0.181518445
2017-11-27 00:00:00 UTC,0.001995486,223699517.5,5563886.745,-0.002309705
2017-11-26 00:00:00 UTC,0.002000101,224189180.4,6979770.01,-0.011944578
2017-11-25 00:00:00 UTC,0.002024134,226855244.8,4414024.245,0.059497151
2017-11-24 00:00:00 UTC,0.001907217,213725198.6,8371618.372,-0.034869428
2017-11-23 00:00:00 UTC,0.001974893,221281658.3,26135197.37,0.040088883
2017-11-22 00:00:00 UTC,0.001897288,212559960.4,17612943.78,0.342592579
2017-11-21 00:00:00 UTC,0.001346937,150883425.4,2580618.15,0.003015449
2017-11-20 00:00:00 UTC,0.001342881,150410445.5,1678323.995,-0.018386487
2017-11-19 00:00:00 UTC,0.0013678,153182462.3,1041570.786,0.012521722
2017-11-18 00:00:00 UTC,0.00135078,151257564.4,1423817.364,0.041883628
2017-11-17 00:00:00 UTC,0.001295373,145035154.4,2461107.122,-0.044103155
2017-11-16 00:00:00 UTC,0.001353781,151555964.4,3074216.146,0.033691157
2017-11-15 00:00:00 UTC,0.001308931,146516609.8,2510927.241,0.096829166
2017-11-14 00:00:00 UTC,0.001188131,132978230,2176352.922,0.005193709
2017-11-13 00:00:00 UTC,0.001181976,132273234.3,2250989.61,0.118804578
2017-11-12 00:00:00 UTC,0.001049573,117441602,2989497.934,-0.119557149
2017-11-11 00:00:00 UTC,0.001182866,132340096.1,1929896.156,0.014678607
2017-11-10 00:00:00 UTC,0.00116563,130395488.2,3739399.779,-0.178977023
2017-11-09 00:00:00 UTC,0.001394086,155932869.9,6324407.633,0.140393562
2017-11-08 00:00:00 UTC,0.001211483,135491390.2,3712758.504,0.014054447
2017-11-07 00:00:00 UTC,0.001194575,133583723.8,2085029.885,0.02064491
2017-11-06 00:00:00 UTC,0.001170166,130837821.2,1795277.341,-0.013101164
2017-11-05 00:00:00 UTC,0.001185598,132546560.7,1468161.299,0.036152017
2017-11-04 00:00:00 UTC,0.001143501,127824432.1,1729140.696,-0.0222076
2017-11-03 00:00:00 UTC,0.00116918,130678532.7,2963755.51,-0.012868174
2017-11-02 00:00:00 UTC,0.001184322,132354497.6,5415647.734,0.076660709
2017-11-01 00:00:00 UTC,0.001096924,122571952.7,2536410.946,-0.022725956
2017-10-31 00:00:00 UTC,0.001122138,125373704.5,2607569.1,0.007649554
2017-10-30 00:00:00 UTC,0.001113587,124402752.7,2092262.181,-0.086397216
2017-10-29 00:00:00 UTC,0.001214076,135611880.5,19448200.89,0.203894172
2017-10-28 00:00:00 UTC,0.000990138,110584215.8,653772.2805,-0.03309924
2017-10-27 00:00:00 UTC,0.00102346,114291422.6,965760.6119,-0.011851065
2017-10-26 00:00:00 UTC,0.001035661,115639519.4,1613710.992,-0.02100089
2017-10-25 00:00:00 UTC,0.001057641,118079043.8,1716024.063,-0.014124044
2017-10-24 00:00:00 UTC,0.001072685,119743755.2,4834109.438,0.049096054
2017-10-23 00:00:00 UTC,0.001021292,113992513,3140365.801,0.002477231
2017-10-22 00:00:00 UTC,0.001018765,113696297.9,2190023.651,0.02165917
2017-10-21 00:00:00 UTC,0.000996937,111246254.2,2734219.644,-0.039457473
2017-10-20 00:00:00 UTC,0.00103706,115709014,2765851.572,-0.032593432
2017-10-19 00:00:00 UTC,0.001071418,119527549.5,1798645.252,0.036975898
2017-10-18 00:00:00 UTC,0.001032525,115174168.7,1957013.924,-0.034023289
2017-10-17 00:00:00 UTC,0.001068259,119145498.5,6548741.54,-0.0769753
2017-10-16 00:00:00 UTC,0.001153737,128662913.6,5295651.767,0.085969318
2017-10-15 00:00:00 UTC,0.001058694,118049191.8,1772666.827,0.012033274
2017-10-14 00:00:00 UTC,0.001046031,116622623,1709844.943,0.019037733
2017-10-13 00:00:00 UTC,0.001026306,114409070.9,5923961.856,-0.028697149
2017-10-12 00:00:00 UTC,0.001056184,117724950.6,2474633.104,0.035181317
2017-10-11 00:00:00 UTC,0.001019672,113641010.1,2064004.126,0.037559203
2017-10-10 00:00:00 UTC,0.000982085,109438123.3,1669028.512,0.025643691
2017-10-09 00:00:00 UTC,0.00095722,106654098.2,2533882.37,-0.089186181
2017-10-08 00:00:00 UTC,0.001046514,116588545.4,1712197.625,0.023166255
2017-10-07 00:00:00 UTC,0.001022549,113904353.9,959326.5539,0.003688542
2017-10-06 00:00:00 UTC,0.001018784,113470815.9,1262351.423,0.029170276
2017-10-05 00:00:00 UTC,0.000989495,110194928.5,2228372.896,-0.02483777
2017-10-04 00:00:00 UTC,0.00101438,112952008.2,1817367.704,-0.009566826
2017-10-03 00:00:00 UTC,0.001024131,114026189.4,1632532.571,-0.036627331
2017-10-02 00:00:00 UTC,0.001062337,118265174.4,2556045.679,-0.004547694
2017-10-01 00:00:00 UTC,0.001067179,118789509.3,3685531.347,-0.053150328
2017-09-30 00:00:00 UTC,0.001125435,125258291,3033812.873,0.056476196
2017-09-29 00:00:00 UTC,0.001063636,118365324.9,4498050.373,-0.010429042
2017-09-28 00:00:00 UTC,0.001074787,119591198.1,3357767.372,-0.040561077
2017-09-27 00:00:00 UTC,0.001119278,124526133.3,3971502.903,-0.000728074
2017-09-26 00:00:00 UTC,0.001120093,124601172.5,7605318.252,-0.015136623
2017-09-25 00:00:00 UTC,0.001137176,126485743,8554255.112,0.242646272
2017-09-24 00:00:00 UTC,0.00089217,99221918.69,3783743.989,-0.052017199
2017-09-23 00:00:00 UTC,0.000939807,104506634.3,6315878.285,0.195066186
2017-09-22 00:00:00 UTC,0.000773254,85975233.69,3072864.02,0.044981947
2017-09-21 00:00:00 UTC,0.000739243,82183276.29,2310300.541,-0.125844338
2017-09-20 00:00:00 UTC,0.000838379,93192866.67,3663212.124,-0.003082078
2017-09-19 00:00:00 UTC,0.000840967,93468812.29,3869824.42,-0.086424333
2017-09-18 00:00:00 UTC,0.00091688,101893422.1,5221288.142,0.101747748
2017-09-17 00:00:00 UTC,0.000828179,92024381.21,5302200.089,-0.03403591
2017-09-16 00:00:00 UTC,0.000856852,95198533.97,9272718.642,-0.028656667
2017-09-15 00:00:00 UTC,0.000881762,97953942.22,16672925.54,0.027691705
2017-09-14 00:00:00 UTC,0.000857679,95266797.52,9281410.023,-0.478198194
2017-09-13 00:00:00 UTC,0.001383578,153661912.3,3694851.649,-0.038449353
2017-09-12 00:00:00 UTC,0.001437812,159665145.6,6250365.698,-0.008055243
2017-09-11 00:00:00 UTC,0.00144944,160936267.7,5228304.221,0.038753167
2017-09-10 00:00:00 UTC,0.001394345,154799319.8,7512895.403,-0.129016271
2017-09-09 00:00:00 UTC,0.001586358,176094717,4287025.049,-0.025676078
2017-09-08 00:00:00 UTC,0.001627617,180652002.8,6916240.422,-0.170020309
2017-09-07 00:00:00 UTC,0.001929261,214105469.4,5401456.095,-0.04457521
2017-09-06 00:00:00 UTC,0.002017204,223837266.3,7580560.404,0.039440243
2017-09-05 00:00:00 UTC,0.001939193,215154036.2,8194420.211,0.065539771
2017-09-04 00:00:00 UTC,0.001816174,201479775.5,8161319.427,-0.176577096
2017-09-03 00:00:00 UTC,0.002166926,240360682.4,6821953.781,-0.013289082
2017-09-02 00:00:00 UTC,0.002195914,243545601.7,17553884.13,-0.122513772
2017-09-01 00:00:00 UTC,0.002482118,275253527.3,14107749.21,0.18231341
2017-08-31 00:00:00 UTC,0.002068449,229350865.1,10642838.94,-0.001459909
2017-08-30 00:00:00 UTC,0.00207147,229657053.4,15134961.84,0.128458943
2017-08-29 00:00:00 UTC,0.001821754,201946327,5318428.837,0.042068557
2017-08-28 00:00:00 UTC,0.001746705,193602753.6,2371733.429,0.029615697
2017-08-27 00:00:00 UTC,0.001695734,187929586.6,1448502.232,0.015126686
2017-08-26 00:00:00 UTC,0.001670276,185085074.7,1397009.105,-0.01067684
2017-08-25 00:00:00 UTC,0.001688205,187048382.9,1910148.997,-0.02632208
2017-08-24 00:00:00 UTC,0.001733232,192013193,3515147.68,0.019831952
2017-08-23 00:00:00 UTC,0.001699197,188219289.1,4005179.12,0.015340496
2017-08-22 00:00:00 UTC,0.001673329,185330820.2,2850328.025,-0.00811675
2017-08-21 00:00:00 UTC,0.001686967,186817927.1,2799084.495,0.007469897
2017-08-20 00:00:00 UTC,0.001674412,185404256.2,2403308.111,0.019842678
2017-08-19 00:00:00 UTC,0.001650145,182694435.8,2293584.153,-0.007852322
2017-08-18 00:00:00 UTC,0.001663154,184111588,2558201.256,-0.039373221
2017-08-17 00:00:00 UTC,0.001729944,191457357.5,3161522.96,0.015649843
2017-08-16 00:00:00 UTC,0.001703081,188484403.7,3118713.105,-0.012683769
2017-08-15 00:00:00 UTC,0.00172482,190866392.3,5799278.636,0.020572595
2017-08-14 00:00:00 UTC,0.001689699,186956430.5,3285827.56,-0.040772671
2017-08-13 00:00:00 UTC,0.001760016,194712210.7,3520705.047,-0.038835081
2017-08-12 00:00:00 UTC,0.001829711,202397207,4936735.877,0.004468488
2017-08-11 00:00:00 UTC,0.001821553,201469747.2,3843908.961,-0.028947233
2017-08-10 00:00:00 UTC,0.001875053,207361151.4,2728538.478,-0.024267649
2017-08-09 00:00:00 UTC,0.001921112,212428350.4,2574112.879,-0.016702595
2017-08-08 00:00:00 UTC,0.001953469,215979335.4,3014084.205,0.006596788
2017-08-07 00:00:00 UTC,0.001940625,214532271,3921917.464,0.021154407
2017-08-06 00:00:00 UTC,0.001900004,210015340.8,3709063.323,-0.082076812
2017-08-05 00:00:00 UTC,0.002062528,227951338.5,4837796.841,0.143854823
2017-08-04 00:00:00 UTC,0.001786177,197384156.5,2292572.538,-0.000454827
2017-08-03 00:00:00 UTC,0.00178699,197449040.5,2444529.214,-0.000142024
2017-08-02 00:00:00 UTC,0.001787244,197452296.5,3199782.013,-0.00640206
2017-08-01 00:00:00 UTC,0.001798722,198695651.9,3563174.79,0.075254207
2017-07-31 00:00:00 UTC,0.001668329,184268583.7,3112812.969,-0.015853042
2017-07-30 00:00:00 UTC,0.001694988,187189739.6,1695410.53,-0.038408202
2017-07-29 00:00:00 UTC,0.001761356,194494683.5,2064136.332,-0.001275256
2017-07-28 00:00:00 UTC,0.001763603,194718317,3602117.386,-0.032547584
2017-07-27 00:00:00 UTC,0.001821949,201134998.3,2410094.132,0.02490878
2017-07-26 00:00:00 UTC,0.001777127,196162207.1,1928397.53,0.004902705
2017-07-25 00:00:00 UTC,0.001768435,195178026.5,2133248.677,-0.111177744
2017-07-24 00:00:00 UTC,0.001976392,218102252.6,2074708.99,0.010077842
2017-07-23 00:00:00 UTC,0.001956574,215887995.2,5411161.855,-0.06011003
2017-07-22 00:00:00 UTC,0.00207779,229233985.6,3176077.977,0.077824248
2017-07-21 00:00:00 UTC,0.00192222,212043720.8,3038987.223,0.013119427
2017-07-20 00:00:00 UTC,0.001897166,209253628.9,3558455.789,0.117418909
2017-07-19 00:00:00 UTC,0.001686984,186047669.1,4782319.98,-0.066221803
2017-07-18 00:00:00 UTC,0.001802481,198760321.6,6065922.284,0.187009357
2017-07-17 00:00:00 UTC,0.001495043,164838302.1,2225093.893,0.135494338
2017-07-16 00:00:00 UTC,0.001305597,143932548.5,2368531.703,-0.135454649
2017-07-15 00:00:00 UTC,0.001494984,164790398.8,1898784.636,-0.11198897
2017-07-14 00:00:00 UTC,0.00167214,184295142.1,1931913.239,-0.082803183
2017-07-13 00:00:00 UTC,0.001816492,200179906.6,4213688.772,-0.059779847
2017-07-12 00:00:00 UTC,0.001928393,212484668.3,5946154.46,0.068419182
2017-07-11 00:00:00 UTC,0.001800867,198407725.1,6618570.91,-0.058584884
2017-07-10 00:00:00 UTC,0.001909522,210352372,4626951.266,-0.195439867
2017-07-09 00:00:00 UTC,0.002321684,255723705.7,2106007.358,-0.044217428
2017-07-08 00:00:00 UTC,0.002426646,267251214.5,4231131,0.012502959
2017-07-07 00:00:00 UTC,0.002396495,263897205.5,4226852.915,-0.09669346
2017-07-06 00:00:00 UTC,0.002639793,290652589.3,5709031.69,-0.029530564
2017-07-05 00:00:00 UTC,0.00271891,299326188,9898834.408,0.083798327
2017-07-04 00:00:00 UTC,0.002500355,275230705.8,2805335.453,-0.013584376
2017-07-03 00:00:00 UTC,0.002534553,278960000.9,4914798.859,0.028084818
2017-07-02 00:00:00 UTC,0.002464361,271200172.9,3829886.486,0.052774986
2017-07-01 00:00:00 UTC,0.002337677,257227221.2,3598638.152,-0.099436671
2017-06-30 00:00:00 UTC,0.002582077,284083984.7,3196612.261,-0.025818993
2017-06-29 00:00:00 UTC,0.002649612,291477190.2,4267376.929,-0.047557599
2017-06-28 00:00:00 UTC,0.002778665,305635571.4,5251414.059,0.067343491
2017-06-27 00:00:00 UTC,0.002597702,285694699.1,10090509.38,-0.035158228
2017-06-26 00:00:00 UTC,0.002690657,295880387.9,11627629.19,-0.071632089
2017-06-25 00:00:00 UTC,0.002890466,317812579.6,16409496.67,-0.061027856
2017-06-24 00:00:00 UTC,0.003072358,337769536.2,5307248.136,-0.011651404
2017-06-23 00:00:00 UTC,0.003108365,341684930,4943300.92,-0.001775442
2017-06-22 00:00:00 UTC,0.003113889,342249291.6,4701803.726,-0.007031535
2017-06-21 00:00:00 UTC,0.003135861,344620908.2,7345523.079,-0.043620761
2017-06-20 00:00:00 UTC,0.003275677,359940646.7,8143298.944,0.037005057
2017-06-19 00:00:00 UTC,0.003156676,346820542.4,6720991.113,0.007141226
2017-06-18 00:00:00 UTC,0.003134214,344309325.1,5332080.6,-0.069335729
2017-06-17 00:00:00 UTC,0.003359238,368982819,9281310.084,0.079351879
2017-06-16 00:00:00 UTC,0.003102978,340791672.6,8143356.63,0.047394486
2017-06-15 00:00:00 UTC,0.002959344,324976166.1,6975639.479,-0.006999661
2017-06-14 00:00:00 UTC,0.002980131,327217620.3,7104481.355,-0.097437901
2017-06-13 00:00:00 UTC,0.003285127,360660219.6,9118172.362,0.031865339
2017-06-12 00:00:00 UTC,0.003182095,349304470.8,10177619.17,-0.121607385
2017-06-11 00:00:00 UTC,0.003593574,394423464.2,23747442.27,0.108897888
2017-06-10 00:00:00 UTC,0.003222796,353683140.4,12480085.76,-0.046067203
2017-06-09 00:00:00 UTC,0.003374734,370310400.1,14793139.65,-0.023039735
2017-06-08 00:00:00 UTC,0.00345339,378893558.9,13851755.39,0.050090015
2017-06-07 00:00:00 UTC,0.00328467,360333561.1,17069022.97,-0.125500462
2017-06-06 00:00:00 UTC,0.003723882,408467723,30943071.41,-0.026932648
2017-06-05 00:00:00 UTC,0.003825539,419565680.2,36827348.47,0.173084645
2017-06-04 00:00:00 UTC,0.003217533,352838180.5,33454981.45,-0.02186495
2017-06-03 00:00:00 UTC,0.003288658,360592170.9,29107488.93,0.106230672
2017-06-02 00:00:00 UTC,0.002957218,324209923.8,19779087.92,0.075042152
2017-06-01 00:00:00 UTC,0.002743424,300732852.9,11937416.07,0.060078359
2017-05-31 00:00:00 UTC,0.002583457,283161529.9,11127338.76,0.036996222
2017-05-30 00:00:00 UTC,0.002489626,272842481.1,12085733.83,-0.083549019
2017-05-29 00:00:00 UTC,0.002706568,296579594.3,12189022.23,0.072136863
2017-05-28 00:00:00 UTC,0.0025182,275903414.6,19295814.21,0.042622598
2017-05-27 00:00:00 UTC,0.002413123,264356915.1,28637454.64,-0.08089689
2017-05-26 00:00:00 UTC,0.002616451,286594876.6,16253602.24,-0.16445469
2017-05-25 00:00:00 UTC,0.003084142,337781041.4,30533615.93,-0.132888142
2017-05-24 00:00:00 UTC,0.003522467,385738331.6,33941640.92,-0.010964435
2017-05-23 00:00:00 UTC,0.003561301,389941503.8,47278033.93,0.073812287
2017-05-22 00:00:00 UTC,0.003307901,362149504,92346922.2,0.125107664
2017-05-21 00:00:00 UTC,0.002918898,319520933.6,83018322.79,0.455348777
2017-05-20 00:00:00 UTC,0.001851243,202623267.3,15036295.55,0.190142118
2017-05-19 00:00:00 UTC,0.001530685,167515948.9,10943222.12,0.031529597
2017-05-18 00:00:00 UTC,0.001483176,162296162.8,20078910.38,0.10293616
2017-05-17 00:00:00 UTC,0.001338098,146402544,12716633.48,0.224177288
2017-05-16 00:00:00 UTC,0.001069373,116986258.5,4591431.159,-0.048912356
2017-05-15 00:00:00 UTC,0.001122978,122834973.2,3320799.969,-0.06703981
2017-05-14 00:00:00 UTC,0.001200844,131335405.8,3153570.864,0.026802087
2017-05-13 00:00:00 UTC,0.001169086,127845952.7,2950264.335,-0.036701142
2017-05-12 00:00:00 UTC,0.00121279,132608271.2,4169308.788,0.008054751
2017-05-11 00:00:00 UTC,0.00120306,131527795.7,4903524.113,-0.076705344
2017-05-10 00:00:00 UTC,0.001298973,141995850.7,6583354.237,0.046004739
2017-05-09 00:00:00 UTC,0.001240568,135594104,12881655.76,-0.203987796
2017-05-08 00:00:00 UTC,0.001521287,166255976.8,15318685.44,0.129873443
2017-05-07 00:00:00 UTC,0.001336005,145988600.8,23261967.43,0.118854496
2017-05-06 00:00:00 UTC,0.001186288,129612174.5,9219507.005,0.366540731
2017-05-05 00:00:00 UTC,0.000822249,89826452.27,4226903.225,0.102161853
2017-05-04 00:00:00 UTC,0.000742395,81092509.53,2577969.92,0.087846627
2017-05-03 00:00:00 UTC,0.000679961,74263343.69,2479327.45,0.104942699
2017-05-02 00:00:00 UTC,0.00061222,66856456.5,3324582.341,-0.110179431
2017-05-01 00:00:00 UTC,0.000683531,74634240.5,3357178.194,-0.097515816
2017-04-30 00:00:00 UTC,0.000753544,82268467.96,1965674.044,0.019928948
2017-04-29 00:00:00 UTC,0.000738676,80635028.78,2860902.883,0.04630032
2017-04-28 00:00:00 UTC,0.000705254,76976896.09,2395436.217,0.108214968
2017-04-27 00:00:00 UTC,0.00063292,69073033.52,2421368.685,0.10925581
2017-04-26 00:00:00 UTC,0.000567413,61916191.42,703004.0318,0.047951107
2017-04-25 00:00:00 UTC,0.000540847,59009848.96,754131.1594,0.050604961
2017-04-24 00:00:00 UTC,0.000514158,56090921.24,723770.8071,-0.018712587
2017-04-23 00:00:00 UTC,0.00052387,57143201.23,1875558.083,0.112070926
2017-04-22 00:00:00 UTC,0.00046833,51078481.44,490992.8558,-0.003379213
2017-04-21 00:00:00 UTC,0.000469915,51244958.24,381614.6881,0.029293871
2017-04-20 00:00:00 UTC,0.000456349,49759283.9,820020.067,-0.010245161
2017-04-19 00:00:00 UTC,0.000461049,50265257.94,466841.4497,0.011250297
2017-04-18 00:00:00 UTC,0.000455891,49696660.22,705289.2212,-0.039736804
2017-04-17 00:00:00 UTC,0.000474371,51704640.48,980610.3227,0.038558392
2017-04-16 00:00:00 UTC,0.000456428,49742710.18,885833.9801,0.090096389
2017-04-15 00:00:00 UTC,0.000417104,45454592.33,420450.2239,-0.010618519
2017-04-14 00:00:00 UTC,0.000421557,45934243.23,658992.1474,-0.010389778
2017-04-13 00:00:00 UTC,0.000425959,46408024.77,865056.1365,-0.006063008
2017-04-12 00:00:00 UTC,0.00042855,46684385.11,477263.349,0.072322366
2017-04-11 00:00:00 UTC,0.00039865,43421713.43,344537.4316,-0.015446281
2017-04-10 00:00:00 UTC,0.000404856,44092014.41,609819.4467,-0.0979739
2017-04-09 00:00:00 UTC,0.000446529,48618285.9,1137687.562,-0.013274254
2017-04-08 00:00:00 UTC,0.000452496,49267959.79,1289213.32,0.068185452
2017-04-07 00:00:00 UTC,0.000422671,46014736.55,2695276.368,-0.129296192
2017-04-06 00:00:00 UTC,0.000481011,52359340.39,2714897.613,0.047228919
2017-04-05 00:00:00 UTC,0.000458821,49937622.76,1698586.205,-0.033001908
2017-04-04 00:00:00 UTC,0.000474216,51606590.27,7362868.179,0.088420485
2017-04-03 00:00:00 UTC,0.000434086,47233438.61,7771303.978,-0.122351543
2017-04-02 00:00:00 UTC,0.000490583,,4226543.93,0.356273069
2017-04-01 00:00:00 UTC,0.000343546,37372190.87,968031.4715,-0.001977884
2017-03-31 00:00:00 UTC,0.000344226,37441367.79,2382538.616,0.08992875
2017-03-30 00:00:00 UTC,0.000314621,34216931.18,1627916.336,0.137979031
2017-03-29 00:00:00 UTC,0.000274072,29803152.57,356918.7036,-0.028299183
2017-03-28 00:00:00 UTC,0.000281939,30654679.29,711655.825,0.099090842
2017-03-27 00:00:00 UTC,0.000255341,27759220.35,989130.512,-0.094870548
2017-03-26 00:00:00 UTC,0.000280751,30517835.62,1121054.722,-0.048164465
2017-03-25 00:00:00 UTC,0.000294605,32019585.86,1161295.182,0.098997768
2017-03-24 00:00:00 UTC,0.000266837,28997892.13,1657717.849,0.098532528
2017-03-23 00:00:00 UTC,0.000241798,26273554.84,166735.295,-0.005060681
2017-03-22 00:00:00 UTC,0.000243025,26403481.79,317929.5992,-0.025277186
2017-03-21 00:00:00 UTC,0.000249246,27075953.11,225846.0744,0.051206178
2017-03-20 00:00:00 UTC,0.000236805,25721580.18,288722.8418,0.020751039
2017-03-19 00:00:00 UTC,0.000231941,25190174.53,315411.0374,0.072257723
2017-03-18 00:00:00 UTC,0.000215773,23431191.71,443800.7559,-0.021671618
2017-03-17 00:00:00 UTC,0.0002205,23941494.75,365674.1074,-0.095814002
2017-03-16 00:00:00 UTC,0.000242672,26342189.32,513725.8507,-0.025021691
2017-03-15 00:00:00 UTC,0.000248821,27009630.88,388208.0948,0.002015969
2017-03-14 00:00:00 UTC,0.00024832,26951787.28,339128.9131,-0.029625899
2017-03-13 00:00:00 UTC,0.000255787,27758643.98,1004623.892,0.109502424
2017-03-12 00:00:00 UTC,0.000229256,24876351.9,256510.2111,0.045785326
2017-03-11 00:00:00 UTC,0.000218997,23760071.69,139350.963,0.069559427
2017-03-10 00:00:00 UTC,0.000204281,22160701.77,294866.3904,-0.064248272
2017-03-09 00:00:00 UTC,0.000217837,23628208.12,97531.35174,0.024869536
2017-03-08 00:00:00 UTC,0.000212486,23044909.81,213370.7078,-0.040751363
2017-03-07 00:00:00 UTC,0.000221324,24000352.43,139091.9545,0.011789249
2017-03-06 00:00:00 UTC,0.00021873,23716037.08,93628.18931,0.006735354
2017-03-05 00:00:00 UTC,0.000217262,23553881.49,52206.66521,0.003292026
2017-03-04 00:00:00 UTC,0.000216548,23473460.85,59627.53835,-0.018844465
2017-03-03 00:00:00 UTC,0.000220667,23916964.43,130723.4995,0.033015635
2017-03-02 00:00:00 UTC,0.0002135,23137284.18,178352.3989,0.013381348
2017-03-01 00:00:00 UTC,0.000210663,22826827.69,107316.9458,-0.017015089
2017-02-28 00:00:00 UTC,0.000214278,23215585.7,79332.9035,0.01764796
2017-02-27 00:00:00 UTC,0.000210529,22806556.27,103048.6296,-0.014290946
2017-02-26 00:00:00 UTC,0.00021356,23131891.39,39133.82966,0.017628579
2017-02-25 00:00:00 UTC,0.000209828,22724810.69,51754.56538,-0.012422965
2017-02-24 00:00:00 UTC,0.000212451,23005968.6,94167.45468,-0.002498127
2017-02-23 00:00:00 UTC,0.000212982,23051749.85,91832.61719,0.019673374
2017-02-22 00:00:00 UTC,0.000208833,22602676.03,78762.07898,-0.034436639
2017-02-21 00:00:00 UTC,0.00021615,23394593.46,94500.0418,0.024742833
2017-02-20 00:00:00 UTC,0.000210867,22822847.43,56923.93181,0.018890217
2017-02-19 00:00:00 UTC,0.000206921,22392914.3,63447.1283,0.015035723
2017-02-18 00:00:00 UTC,0.000203833,22055928.2,145391.4627,-0.041082908
2017-02-17 00:00:00 UTC,0.000212382,22977990,140300.9502,-0.025129942
2017-02-16 00:00:00 UTC,0.000217787,23559757.35,122503.8649,0.043343105
2017-02-15 00:00:00 UTC,0.000208549,22557540.81,133224.8167,-0.027034121
2017-02-14 00:00:00 UTC,0.000214264,23172726.26,113216.874,0.011952786
2017-02-13 00:00:00 UTC,0.000211718,22894435.68,112273.5347,0.015640237
2017-02-12 00:00:00 UTC,0.000208432,22536279.87,86567.07356,-0.008376938
2017-02-11 00:00:00 UTC,0.000210186,22722945.32,72647.3902,-0.002499096
2017-02-10 00:00:00 UTC,0.000210711,22776869.19,75505.12648,0.002809967
2017-02-09 00:00:00 UTC,0.00021012,22710020.82,174767.679,0.00725414
2017-02-08 00:00:00 UTC,0.000208601,22543024.24,138437.7495,0.023053455
2017-02-07 00:00:00 UTC,0.000203847,22023640.37,83593.08559,-0.014773909
2017-02-06 00:00:00 UTC,0.000206881,22351431.03,69563.70474,0.000442831
2017-02-05 00:00:00 UTC,0.00020679,22338728.11,72552.60153,-0.013369879
2017-02-04 00:00:00 UTC,0.000209573,22636497.31,92687.06948,0.006854297
2017-02-03 00:00:00 UTC,0.000208142,22478996.51,92587.40964,-0.012295633
2017-02-02 00:00:00 UTC,0.000210717,22754165.76,57510.80635,0.015657676
2017-02-01 00:00:00 UTC,0.000207443,22397811.81,70340.62819,-0.016112269
2017-01-31 00:00:00 UTC,0.000210812,22758940.53,99335.48115,0.011397677
2017-01-30 00:00:00 UTC,0.000208423,22498142.48,47198.63006,0.001589467
2017-01-29 00:00:00 UTC,0.000208092,22459538.43,77798.18166,-0.004099576
2017-01-28 00:00:00 UTC,0.000208947,22548891.96,39055.15052,-0.001988203
2017-01-27 00:00:00 UTC,0.000209363,22590856.99,100550.9389,0.011697281
2017-01-26 00:00:00 UTC,0.000206928,22325300.49,77677.31753,0.019915041
2017-01-25 00:00:00 UTC,0.000202848,21882275.01,60215.69334,0.008527451
2017-01-24 00:00:00 UTC,0.000201126,21693722.39,59704.39012,-0.029888187
2017-01-23 00:00:00 UTC,0.000207228,22349024.41,49504.54824,0.005574773
2017-01-22 00:00:00 UTC,0.000206076,22221894.33,64209.64358,-0.004730999
2017-01-21 00:00:00 UTC,0.000207053,22324468.39,111868.0611,-0.010519042
2017-01-20 00:00:00 UTC,0.000209242,22557677.14,51161.05076,-0.002992942
2017-01-19 00:00:00 UTC,0.00020987,22622350.06,48630.70727,0.011569015
2017-01-18 00:00:00 UTC,0.000207456,22359259.74,69693.05616,-0.035627256
2017-01-17 00:00:00 UTC,0.00021498,23167219.76,138175.5862,0.037028015
2017-01-16 00:00:00 UTC,0.000207165,22322197.65,74831.54371,0.008288969
2017-01-15 00:00:00 UTC,0.000205455,22135111.03,62982.34021,-0.023326778
2017-01-14 00:00:00 UTC,0.000210304,22654626.26,58821.98512,-0.012174533
2017-01-13 00:00:00 UTC,0.00021288,22929207.1,70559.25141,0.004824452
2017-01-12 00:00:00 UTC,0.000211855,22815933.43,224475.4852,0.022536619
2017-01-11 00:00:00 UTC,0.000207134,22304637.34,379007.8088,-0.076226218
2017-01-10 00:00:00 UTC,0.000223541,24068203.39,162619.3257,-0.025015967
2017-01-09 00:00:00 UTC,0.000229203,24674775.23,138927.5549,0.025116493
2017-01-08 00:00:00 UTC,0.000223518,24059650.29,87557.49546,0.003979294
2017-01-07 00:00:00 UTC,0.000222631,23961028.63,238810.152,0.010929791
2017-01-06 00:00:00 UTC,0.000220211,23697498.53,235619.5458,-0.023776248
2017-01-05 00:00:00 UTC,0.000225509,24264567.74,735385.0204,0.010525343
2017-01-04 00:00:00 UTC,0.000223148,24007425.91,291471.9851,0.001627116
2017-01-03 00:00:00 UTC,0.000222785,23965301.03,77624.00927,0.006006931
2017-01-02 00:00:00 UTC,0.000221451,23818706.46,122738.6252,0.003392952
2017-01-01 00:00:00 UTC,0.000220701,23734953.12,87182.38606,-0.020977537
2016-12-31 00:00:00 UTC,0.00022538,24234981.74,42872.50291,0.002332046
2016-12-30 00:00:00 UTC,0.000224855,24175426.37,139033.7114,-0.023699748
2016-12-29 00:00:00 UTC,0.000230247,24752033.2,159292.0608,0.037708745
2016-12-28 00:00:00 UTC,0.000221727,23832958.36,197384.0884,-0.025042682
2016-12-27 00:00:00 UTC,0.000227349,24434208.58,181735.6453,-0.000954238
2016-12-26 00:00:00 UTC,0.000227566,24454360.22,78901.71504,0.002552487
2016-12-25 00:00:00 UTC,0.000226986,24388846.09,160983.7277,0.004386777
2016-12-24 00:00:00 UTC,0.000225993,24278932.03,254800.2794,-0.015972823
2016-12-23 00:00:00 UTC,0.000229631,24666657.64,243457.7741,0.034971319
2016-12-22 00:00:00 UTC,0.00022174,23815842.65,181684.7848,-0.014720317
2016-12-21 00:00:00 UTC,0.000225028,24165870.64,91015.4292,0.020169008
2016-12-20 00:00:00 UTC,0.000220535,23680340.75,68835.97819,0.017986088
2016-12-19 00:00:00 UTC,0.000216604,23255237.69,113274.8869,-0.014837413
2016-12-18 00:00:00 UTC,0.000219841,23599821.02,44446.07038,0.017042546
2016-12-17 00:00:00 UTC,0.000216127,23198039.73,69699.81851,0.001044717
2016-12-16 00:00:00 UTC,0.000215901,23170800.8,66363.65121,-0.008660653
2016-12-15 00:00:00 UTC,0.000217779,23369321.64,68608.92508,-0.0097493
2016-12-14 00:00:00 UTC,0.000219912,23595175.85,45223.7113,0.00860427
2016-12-13 00:00:00 UTC,0.000218028,23390007.66,59385.43766,-0.008155056
2016-12-12 00:00:00 UTC,0.000219814,23578489.18,80479.77972,-0.008484309
2016-12-11 00:00:00 UTC,0.000221687,23776304.86,135177.6162,0.028074356
2016-12-10 00:00:00 UTC,0.000215549,23115088.31,95797.2043,0.019200336
2016-12-09 00:00:00 UTC,0.00021145,22672570.58,43143.28169,-0.015194354
2016-12-08 00:00:00 UTC,0.000214688,23016786.08,56641.91192,0.001544401
2016-12-07 00:00:00 UTC,0.000214356,22978264.62,61072.38933,0.010112247
2016-12-06 00:00:00 UTC,0.0002122,22744146.1,39362.47945,0.009488269
2016-12-05 00:00:00 UTC,0.000210196,22526424.75,102496.9864,-0.01530705
2016-12-04 00:00:00 UTC,0.000213438,22870915.7,32613.45234,0.001772458
2016-12-03 00:00:00 UTC,0.00021306,22827447.47,57340.18487,-0.0073829
2016-12-02 00:00:00 UTC,0.000214639,22993645.28,63057.5778,-0.006306542
2016-12-01 00:00:00 UTC,0.000215997,23136103.57,107784.97,0.01026982
2016-11-30 00:00:00 UTC,0.00021379,22896723.54,28416.10744,0.015967804
2016-11-29 00:00:00 UTC,0.000210403,22531120.54,49513.14976,-0.018923884
2016-11-28 00:00:00 UTC,0.000214423,22958594.37,49717.24414,0.001722512
2016-11-27 00:00:00 UTC,0.000214054,22916156.64,41110.31341,-0.009356489
2016-11-26 00:00:00 UTC,0.000216066,23128601.29,28437.85106,-0.010967208
2016-11-25 00:00:00 UTC,0.000218449,23380627.94,34366.94146,0.016267506
2016-11-24 00:00:00 UTC,0.000214924,23000406.61,83187.58469,-0.001188899
2016-11-23 00:00:00 UTC,0.000215179,23024797.46,63100.22025,-0.024918072
2016-11-22 00:00:00 UTC,0.000220609,23602677.76,56916.17735,0.012525661
2016-11-21 00:00:00 UTC,0.000217863,23305867.94,51791.13747,0.010994672
2016-11-20 00:00:00 UTC,0.00021548,23048056.24,65122.10311,0.004390633
2016-11-19 00:00:00 UTC,0.000214536,22944130.08,36285.62733,-0.00789854
2016-11-18 00:00:00 UTC,0.000216238,23123122.95,109067.076,-0.012020827
2016-11-17 00:00:00 UTC,0.000218853,23399714.73,76585.48372,5.93E-05
2016-11-16 00:00:00 UTC,0.00021884,23395283.31,105520.1424,0.004534332
2016-11-15 00:00:00 UTC,0.00021785,23286421.25,80216.26018,-0.021927146
2016-11-14 00:00:00 UTC,0.000222679,23799591.14,40800.21253,0.00379072
2016-11-13 00:00:00 UTC,0.000221837,23706499.06,114614.4121,-0.005973152
2016-11-12 00:00:00 UTC,0.000223166,23845466.69,179200.396,-0.013583259
2016-11-11 00:00:00 UTC,0.000226218,24168437.73,92409.90235,-0.01635923
2016-11-10 00:00:00 UTC,0.000229949,24563878.61,74954.55107,0.00556476
2016-11-09 00:00:00 UTC,0.000228673,24424361.86,90913.64697,0.004408709
2016-11-08 00:00:00 UTC,0.000227667,24313789.58,161260.1959,-0.055564132
2016-11-07 00:00:00 UTC,0.000240675,25699693.81,803024.2722,0.08564686
2016-11-06 00:00:00 UTC,0.00022092,23587162.38,48944.74941,-0.005005283
2016-11-05 00:00:00 UTC,0.000222029,23702458.37,35637.96475,0.006836756
2016-11-04 00:00:00 UTC,0.000220516,23537921.5,61616.82177,0.010680338
2016-11-03 00:00:00 UTC,0.000218173,23284854.96,128399.1817,-0.024888676
2016-11-02 00:00:00 UTC,0.000223671,23868612.08,48118.50281,0.020343472
2016-11-01 00:00:00 UTC,0.000219167,23385128.72,139887.9474,-3.55E-05
2016-10-31 00:00:00 UTC,0.000219175,23379870.41,128381.1561,-0.003662612
2016-10-30 00:00:00 UTC,0.000219979,23465658.81,78855.07887,0.003743743
2016-10-29 00:00:00 UTC,0.000219157,23374946.27,424429.9529,0.007516237
2016-10-28 00:00:00 UTC,0.000217516,23193869.87,97626.03894,0.003759869
2016-10-27 00:00:00 UTC,0.0002167,23106827.68,96931.35243,0.023392959
2016-10-26 00:00:00 UTC,0.000211689,22566687.05,108480.985,-0.025654272
2016-10-25 00:00:00 UTC,0.00021719,23153108.92,70456.02744,0.003139658
2016-10-24 00:00:00 UTC,0.000216509,23077511.98,57365.59157,-0.00170794
2016-10-23 00:00:00 UTC,0.000216879,23113964.68,42843.44318,-0.012707465
2016-10-22 00:00:00 UTC,0.000219653,23406522.99,73313.6822,0.006932114
2016-10-21 00:00:00 UTC,0.000218136,23241797.3,34264.53923,-0.007522539
2016-10-20 00:00:00 UTC,0.000219783,23414234.55,52057.69772,0.010627013
2016-10-19 00:00:00 UTC,0.00021746,23163691.42,79350.67624,-0.011289385
2016-10-18 00:00:00 UTC,0.000219928,23423597.69,41138.6017,-0.00831154
2016-10-17 00:00:00 UTC,0.000221764,23616020.03,76549.43368,-0.010044865
2016-10-16 00:00:00 UTC,0.000224003,23851308.42,50761.99861,0.003276522
2016-10-15 00:00:00 UTC,0.00022327,23770179.95,40410.91456,-0.010744526
2016-10-14 00:00:00 UTC,0.000225682,24023814.14,65002.53145,-0.00379817
2016-10-13 00:00:00 UTC,0.000226541,24112102.81,51670.62435,0.013822517
2016-10-12 00:00:00 UTC,0.000223431,23777995.12,107389.8567,-0.02761987
2016-10-11 00:00:00 UTC,0.000229688,24440703.15,211145.8506,0.00659799
2016-10-10 00:00:00 UTC,0.000228178,24276781.69,59690.02654,0.005178814
2016-10-09 00:00:00 UTC,0.000226999,24148266.31,57710.82589,0.001741698
2016-10-08 00:00:00 UTC,0.000226604,24103111.37,52968.86397,-0.004477736
2016-10-07 00:00:00 UTC,0.000227621,24208097.93,70239.1313,0.00580657
2016-10-06 00:00:00 UTC,0.000226303,24064788.37,276778.5295,-0.011426992
2016-10-05 00:00:00 UTC,0.000228904,24338184.71,45060.94726,0.005095706
2016-10-04 00:00:00 UTC,0.00022774,24211311.48,95569.07027,-0.03716427
2016-10-03 00:00:00 UTC,0.000236363,25124728.97,128622.6679,0.019889548
2016-10-02 00:00:00 UTC,0.000231709,24626742.76,42731.76976,-0.00681302
2016-10-01 00:00:00 UTC,0.000233293,24791864.07,120686.1131,-0.003382949
2016-09-30 00:00:00 UTC,0.000234083,24872649.51,124031.3339,0.017054305
2016-09-29 00:00:00 UTC,0.000230125,24448856.32,148116.6026,0.012182244
2016-09-28 00:00:00 UTC,0.000227338,24149669.37,123712.1373,-0.007829816
2016-09-27 00:00:00 UTC,0.000229125,24336359.15,111816.6288,5.97E-06
2016-09-26 00:00:00 UTC,0.000229124,24333025.96,112318.7296,0.014105936
2016-09-25 00:00:00 UTC,0.000225915,23989001.42,66116.78405,0.005267306
2016-09-24 00:00:00 UTC,0.000224728,23859858.73,80876.00253,-0.014437506
2016-09-23 00:00:00 UTC,0.000227996,24203661.03,198938.087,0.025082213
2016-09-22 00:00:00 UTC,0.000222348,23600079.4,83013.00586,-0.023078932
2016-09-21 00:00:00 UTC,0.00022754,24147950.6,260172.7398,-0.018111521
2016-09-20 00:00:00 UTC,0.000231698,24586051.4,105136.8696,-0.017399106
2016-09-19 00:00:00 UTC,0.000235765,25014288.82,152074.3409,-0.005413648
2016-09-18 00:00:00 UTC,0.000237045,25146754.18,131304.0434,0.003467676
2016-09-17 00:00:00 UTC,0.000236224,25056315.5,354952.1687,-0.044006019
2016-09-16 00:00:00 UTC,0.000246852,26180138.19,720214.4835,0.072622712
2016-09-15 00:00:00 UTC,0.00022956,24343051.93,267321.7347,0.02051118
2016-09-14 00:00:00 UTC,0.000224899,23845678.36,100782.353,-0.015151531
2016-09-13 00:00:00 UTC,0.000228333,24206561.82,48096.86517,0.015041059
2016-09-12 00:00:00 UTC,0.000224924,23842084.57,96515.16731,-0.016507586
2016-09-11 00:00:00 UTC,0.000228668,24235743.9,65377.58573,-0.007782731
2016-09-10 00:00:00 UTC,0.000230455,24421948.71,72534.72434,-0.004037907
2016-09-09 00:00:00 UTC,0.000231387,24517509.68,70979.32002,0.004969987
2016-09-08 00:00:00 UTC,0.00023024,24392761.2,106695.9773,-0.001684889
2016-09-07 00:00:00 UTC,0.000230628,24430715.45,113570.7098,0.021469796
2016-09-06 00:00:00 UTC,0.00022573,23908602.17,93680.62487,-0.009209538
2016-09-05 00:00:00 UTC,0.000227818,24126670.3,140429.7262,0.027529927
2016-09-04 00:00:00 UTC,0.000221632,23468461.75,176490.2115,-0.022221492
2016-09-03 00:00:00 UTC,0.000226612,23992670.8,167462.757,-0.002733099
2016-09-02 00:00:00 UTC,0.000227232,24055175.28,73352.11658,0.021868757
2016-09-01 00:00:00 UTC,0.000222317,23531751.09,102051.3929,-0.021385949
2016-08-31 00:00:00 UTC,0.000227122,24037245.45,85975.67833,0.007023726
2016-08-30 00:00:00 UTC,0.000225533,23865824.65,137184.7237,0.023460843
2016-08-29 00:00:00 UTC,0.000220303,23309355.61,160078.9125,-0.016897079
2016-08-28 00:00:00 UTC,0.000224057,23703410.8,163279.7177,-0.01057908
2016-08-27 00:00:00 UTC,0.00022644,23952321.76,75208.55036,-0.019468706
2016-08-26 00:00:00 UTC,0.000230892,24420021.64,120072.3926,0.010366064
2016-08-25 00:00:00 UTC,0.000228511,24165033.07,129328.6277,-0.009400138
2016-08-24 00:00:00 UTC,0.000230669,24390349.14,192354.3133,0.033824018
2016-08-23 00:00:00 UTC,0.000222997,23576073.95,284487.3719,-0.022245585
2016-08-22 00:00:00 UTC,0.000228013,24103235.07,344285.2297,-0.023559832
2016-08-21 00:00:00 UTC,0.000233449,24674601,96169.53197,-0.004878435
2016-08-20 00:00:00 UTC,0.000234591,24792053.37,144112.0053,0.015961883
2016-08-19 00:00:00 UTC,0.000230876,24396246.4,277626.0777,-0.047657049
2016-08-18 00:00:00 UTC,0.000242145,25583688.87,138204.0733,-0.015001566
2016-08-17 00:00:00 UTC,0.000245805,25966979.3,277713.5672,-0.050278755
2016-08-16 00:00:00 UTC,0.00025848,27302347.73,673421.5858,0.082897526
2016-08-15 00:00:00 UTC,0.000237917,25127005.01,327541.7654,-0.04285473
2016-08-14 00:00:00 UTC,0.000248334,26223790.65,383819.1451,0.051357164
2016-08-13 00:00:00 UTC,0.000235902,24907750.11,81789.03924,-0.016776893
2016-08-12 00:00:00 UTC,0.000239894,25325855.4,233045.4131,-0.001328358
2016-08-11 00:00:00 UTC,0.000240212,25356158.74,233355.1865,0.007048778
2016-08-10 00:00:00 UTC,0.000238525,25174744.02,231378.0818,-0.004215267
2016-08-09 00:00:00 UTC,0.000239533,25277766.89,284679.3398,0.01173251
2016-08-08 00:00:00 UTC,0.000236739,24979658.87,546605.8269,-0.112559135
2016-08-07 00:00:00 UTC,0.000264944,27951986.15,1480875.454,0.130402648
2016-08-06 00:00:00 UTC,0.000232552,24531406.12,234993.3676,0.06223678
2016-08-05 00:00:00 UTC,0.00021852,23048183.95,103538.9485,0.012663969
2016-08-04 00:00:00 UTC,0.00021577,22755171.67,119453.3839,-0.003726037
2016-08-03 00:00:00 UTC,0.000216576,22837126.32,156958.8166,0.073354679
2016-08-02 00:00:00 UTC,0.000201257,21219080.11,169196.7863,-0.101685086
2016-08-01 00:00:00 UTC,0.000222799,23487154.54,99648.68456,-0.036117751
2016-07-31 00:00:00 UTC,0.000230993,24347777.27,63306.07801,-0.0187385
2016-07-30 00:00:00 UTC,0.000235362,24804836.52,47127.85023,-0.006453507
2016-07-29 00:00:00 UTC,0.000236886,24962144.62,70667.64954,-0.004518893
2016-07-28 00:00:00 UTC,0.000237959,25071929.27,60067.52007,0.018189284
2016-07-27 00:00:00 UTC,0.00023367,24616798.03,115757.3766,-0.02904029
2016-07-26 00:00:00 UTC,0.000240555,25338828.16,167016.9258,-0.015258598
2016-07-25 00:00:00 UTC,0.000244254,25725046.72,86039.37142,-0.003330392
2016-07-24 00:00:00 UTC,0.000245069,25807453.12,243843.6311,0.027615274
2016-07-23 00:00:00 UTC,0.000238394,25101262.07,209000.506,0.00333405
2016-07-22 00:00:00 UTC,0.0002376,25014406.86,208304.8482,9.68E-05
2016-07-21 00:00:00 UTC,0.000237577,25008677.43,208974.4525,-0.024422543
2016-07-20 00:00:00 UTC,0.000243451,25623572,96373.99378,-0.00759308
2016-07-19 00:00:00 UTC,0.000245306,25815459.61,188371.6441,-0.021240912
2016-07-18 00:00:00 UTC,0.000250573,26366190.99,189638.2358,-0.037095193
2016-07-17 00:00:00 UTC,0.000260042,27359024.01,97897.85167,-0.009017392
2016-07-16 00:00:00 UTC,0.000262398,27603221.56,60788.16789,0.00614334
2016-07-15 00:00:00 UTC,0.000260791,27430557.8,145072.1274,0.002836552
2016-07-14 00:00:00 UTC,0.000260052,27349273.41,144661.2059,-0.003705992
2016-07-13 00:00:00 UTC,0.000261018,27447181.51,180085.2709,-0.021770166
2016-07-12 00:00:00 UTC,0.000266762,28047625.81,346515.4029,-0.00279173
2016-07-11 00:00:00 UTC,0.000267508,28122348.76,198084.971,-0.013339061
2016-07-10 00:00:00 UTC,0.0002711,28496230.71,87565.70173,0.000261593
2016-07-09 00:00:00 UTC,0.000271029,28485022.97,112444.3717,-0.012104577
2016-07-08 00:00:00 UTC,0.00027433,28828111.12,203021.4071,-0.0042445
2016-07-07 00:00:00 UTC,0.000275497,28946934.74,185143.555,-0.020670725
2016-07-06 00:00:00 UTC,0.000281251,29547634,259478.9471,-0.005456745
2016-07-05 00:00:00 UTC,0.00028279,29705373.28,144898.2352,-0.014422433
2016-07-04 00:00:00 UTC,0.000286898,30132917.89,151965.52,0.017027521
2016-07-03 00:00:00 UTC,0.000282054,29620293.68,440508.1912,-0.068140735
2016-07-02 00:00:00 UTC,0.000301943,31704807.93,166174.7416,0.008049738
2016-07-01 00:00:00 UTC,0.000299523,31446445.02,256673.943,0.010096146
2016-06-30 00:00:00 UTC,0.000296514,31126490.56,346623.2553,0.007248498
2016-06-29 00:00:00 UTC,0.000294372,30897586.91,344119.8413,-0.013233604
2016-06-28 00:00:00 UTC,0.000298294,31305095.74,666641.6935,0.033300637
2016-06-27 00:00:00 UTC,0.000288524,30275397.4,149442.4396,0.019662964
2016-06-26 00:00:00 UTC,0.000282906,29682001.89,214633.5589,-0.004648153
2016-06-25 00:00:00 UTC,0.000284224,29816342.57,327887.5593,0.012491027
2016-06-24 00:00:00 UTC,0.000280696,29442307.5,437565.7726,-0.013128211
2016-06-23 00:00:00 UTC,0.000284405,29827454.25,482636.4192,0.110499006
2016-06-22 00:00:00 UTC,0.000254653,26703607.28,396631.0431,-0.175543578
2016-06-21 00:00:00 UTC,0.000303519,31823661.02,628686.8152,-0.045435733
2016-06-20 00:00:00 UTC,0.000317628,33298580.45,494601.8418,-0.040896308
2016-06-19 00:00:00 UTC,0.000330887,34683972.77,376404.9516,0.025706504
2016-06-18 00:00:00 UTC,0.000322489,33800305.78,287042.8807,0.012347352
2016-06-17 00:00:00 UTC,0.000318532,33381125.12,665331.0649,-0.039004541
2016-06-16 00:00:00 UTC,0.000331202,34704300.11,374066.202,0.066218048
2016-06-15 00:00:00 UTC,0.000309981,32476393.34,333503.9368,-0.010686566
2016-06-14 00:00:00 UTC,0.000313311,32820944.08,1212299.951,0.068006594
2016-06-13 00:00:00 UTC,0.000292712,30659088.79,795114.3729,0.116176426
2016-06-12 00:00:00 UTC,0.000260607,27292729.71,543592.6967,0.039629481
2016-06-11 00:00:00 UTC,0.000250481,26228795.82,174545.3627,-0.03479632
2016-06-10 00:00:00 UTC,0.00025935,27153961.23,316636.0712,-0.015655767
2016-06-09 00:00:00 UTC,0.000263443,27578782.59,479499.8951,0.071502239
2016-06-08 00:00:00 UTC,0.000245264,25672315.16,168042.5511,0.025985527
2016-06-07 00:00:00 UTC,0.000238972,25010473.17,170336.5439,0.024741987
2016-06-06 00:00:00 UTC,0.000233132,24396035.48,102839.8057,-0.009521196
2016-06-05 00:00:00 UTC,0.000235363,24626208.31,54690.99248,-0.010013038
2016-06-04 00:00:00 UTC,0.000237731,24870735.03,92586.98256,-0.001379704
2016-06-03 00:00:00 UTC,0.000238059,24901788.41,100594.4556,0.033016991
2016-06-02 00:00:00 UTC,0.000230328,24089845.07,70211.99968,-0.010973665
2016-06-01 00:00:00 UTC,0.000232869,24352430.31,38088.31931,0.025459951
2016-05-31 00:00:00 UTC,0.000227015,23737103.85,163538.2591,-0.007904005
2016-05-30 00:00:00 UTC,0.000228817,23922298.1,124490.6606,0.032085221
2016-05-29 00:00:00 UTC,0.000221591,23160818.9,327082.5531,0.015046677
2016-05-28 00:00:00 UTC,0.000218282,22814934.27,300339.264,-0.014711612
2016-05-27 00:00:00 UTC,0.000221517,23149991.85,298842.0145,-0.023400156
2016-05-26 00:00:00 UTC,0.000226762,23695943.94,74330.34669,0.024623941
2016-05-25 00:00:00 UTC,0.000221246,23116515.34,78738.66451,-0.008771213
2016-05-24 00:00:00 UTC,0.000223195,23317180.73,47683.51675,0.001606772
2016-05-23 00:00:00 UTC,0.000222837,23276665.98,44108.19645,0.000117045
2016-05-22 00:00:00 UTC,0.000222811,23270829.7,59243.14542,-0.014939181
2016-05-21 00:00:00 UTC,0.000226165,23617966.62,33339.56842,-0.001746028
2016-05-20 00:00:00 UTC,0.00022656,23656072.96,133415.7329,0.008617673
2016-05-19 00:00:00 UTC,0.000224616,23449956.5,129528.862,-0.007306197
2016-05-18 00:00:00 UTC,0.000226263,23618782.33,69667.69681,0.003580976
2016-05-17 00:00:00 UTC,0.000225454,23531280.94,99862.20888,-0.0149664
2016-05-16 00:00:00 UTC,0.000228854,23882935.43,98364.55521,-0.014417298
2016-05-15 00:00:00 UTC,0.000232177,24226549.25,87485.60157,-0.005296505
2016-05-14 00:00:00 UTC,0.00023341,24351957.22,128507.0318,-0.006676125
2016-05-13 00:00:00 UTC,0.000234974,24511867.75,308640.6897,-0.00116192
2016-05-12 00:00:00 UTC,0.000235247,24537103.35,192584.2003,0.048827556
2016-05-11 00:00:00 UTC,0.000224036,23364695.01,56406.58867,0.009075362
2016-05-10 00:00:00 UTC,0.000222012,23150540.71,62911.24043,-0.010220213
2016-05-09 00:00:00 UTC,0.000224293,23385259.75,59964.91614,0.004489536
2016-05-08 00:00:00 UTC,0.000223288,23277439.73,32677.05756,-0.005953197
2016-05-07 00:00:00 UTC,0.000224621,23413326.08,58722.9101,0.006354648
2016-05-06 00:00:00 UTC,0.000223198,23261932.28,115670.9235,0.001068689
2016-05-05 00:00:00 UTC,0.00022296,23234004.65,62679.45904,-0.01537669
2016-05-04 00:00:00 UTC,0.000226415,23590927.42,57995.51158,-0.002918742
2016-05-03 00:00:00 UTC,0.000227077,23655113.21,83122.62164,-0.01129524
2016-05-02 00:00:00 UTC,0.000229656,23920671.7,74552.2696,0.016458397
2016-05-01 00:00:00 UTC,0.000225907,23527094.05,45176.12164,-0.008360669
2016-04-30 00:00:00 UTC,0.000227804,23721475.59,68343.532,-0.011171727
2016-04-29 00:00:00 UTC,0.000230363,23987027.75,83882.22089,0.006496923
2016-04-28 00:00:00 UTC,0.000228871,23828542.25,118932.5546,0.017145464
2016-04-27 00:00:00 UTC,0.000224981,23420350.92,138962.7629,-0.038384689
2016-04-26 00:00:00 UTC,0.000233784,24333562.95,146631.166,0.0104851
2016-04-25 00:00:00 UTC,0.000231346,24073310.68,104159.0639,0.010754969
2016-04-24 00:00:00 UTC,0.000228871,23815790.26,119493.5867,0.022028355
2016-04-23 00:00:00 UTC,0.000223885,23293790.66,88196.64401,-0.008203789
2016-04-22 00:00:00 UTC,0.000225729,23482539.12,40821.39122,-0.006924017
2016-04-21 00:00:00 UTC,0.000227297,23642567.33,96865.23917,0.005555409
2016-04-20 00:00:00 UTC,0.000226038,23508450.1,90647.05927,0.018449189
2016-04-19 00:00:00 UTC,0.000221906,23075632.03,83444.99353,0.006434678
2016-04-18 00:00:00 UTC,0.000220483,22924582.1,77882.12046,-0.030601112
2016-04-17 00:00:00 UTC,0.000227334,23633764,64164.12739,-0.009412659
2016-04-16 00:00:00 UTC,0.000229484,23854087.94,31815.82785,-0.015648675
2016-04-15 00:00:00 UTC,0.000233103,24227097.16,101832.4942,0.014151355
2016-04-14 00:00:00 UTC,0.000229828,23883460.14,75593.11303,-0.021855961
2016-04-13 00:00:00 UTC,0.000234906,24407976.88,270121.5158,0.025753783
2016-04-12 00:00:00 UTC,0.000228934,23784258.37,129748.1973,0.080293443
2016-04-11 00:00:00 UTC,0.000211271,21946253.79,63550.15038,0.041733644
2016-04-10 00:00:00 UTC,0.000202635,21046382.53,146908.5889,-0.039520626
2016-04-09 00:00:00 UTC,0.000210803,21888916.49,107400.7271,0.002508625
2016-04-08 00:00:00 UTC,0.000210275,21834074.22,130949.4552,0.011993722
2016-04-07 00:00:00 UTC,0.000207768,21570869.47,107561.3304,-0.025844368
2016-04-06 00:00:00 UTC,0.000213208,22132665.22,105325.8803,6.35E-05
2016-04-05 00:00:00 UTC,0.000213194,22128320.26,145468.6863,-0.03686791
2016-04-04 00:00:00 UTC,0.000221201,22956313.34,84171.63825,-0.000646573
2016-04-03 00:00:00 UTC,0.000221344,22965077.78,137259.3079,-0.019762845
2016-04-02 00:00:00 UTC,0.000225762,23423447.47,118923.391,0.011953906
2016-04-01 00:00:00 UTC,0.00022308,23142027.76,131316.3202,-0.040601415
2016-03-31 00:00:00 UTC,0.000232323,24097750.95,145840.0774,0.005690192
2016-03-30 00:00:00 UTC,0.000231005,23957867.71,317691.7409,-0.102343269
2016-03-29 00:00:00 UTC,0.000255899,26536100.85,1328536.034,0.180607344
2016-03-28 00:00:00 UTC,0.000213615,22148393.77,136065.9173,-0.003168813
2016-03-27 00:00:00 UTC,0.000214293,22215756.05,133552.032,0.010760698
2016-03-26 00:00:00 UTC,0.000211999,21975026.31,77259.80641,-0.005956218
2016-03-25 00:00:00 UTC,0.000213266,22103333.71,99030.68154,0.003555954
2016-03-24 00:00:00 UTC,0.000212509,22021933.5,156919.6096,-0.003463346
2016-03-23 00:00:00 UTC,0.000213246,22095382.46,146228.6008,0.003485448
2016-03-22 00:00:00 UTC,0.000212504,22015559.09,162537.5599,0.001269526
2016-03-21 00:00:00 UTC,0.000212235,21984707.7,89497.08099,0.008455206
2016-03-20 00:00:00 UTC,0.000210448,21796671.06,142665.221,-0.035284565
2016-03-19 00:00:00 UTC,0.000218006,22576466.51,140815.0813,0.029833159
2016-03-18 00:00:00 UTC,0.000211598,21909960.06,64054.4939,-0.045070519
2016-03-17 00:00:00 UTC,0.000221353,22917008.62,82364.13541,-0.026530051
2016-03-16 00:00:00 UTC,0.000227304,23529982.03,97772.21785,-0.012385701
2016-03-15 00:00:00 UTC,0.000230137,23820026.27,82791.71927,-0.020436015
2016-03-14 00:00:00 UTC,0.000234888,24308567.14,78770.64514,-0.031617985
2016-03-13 00:00:00 UTC,0.000242434,25086025.4,109641.3233,0.033701879
2016-03-12 00:00:00 UTC,0.000234399,24251420.55,97066.42914,-0.022227534
2016-03-11 00:00:00 UTC,0.000239668,24793176.71,84349.87913,-0.016052563
2016-03-10 00:00:00 UTC,0.000243546,25190997.4,126845.8048,0.074818472
2016-03-09 00:00:00 UTC,0.000225989,23371908.41,74899.05502,0.02931805
2016-03-08 00:00:00 UTC,0.00021946,22693608.25,45961.29425,-0.040816789
2016-03-07 00:00:00 UTC,0.000228603,23635895.02,82384.22191,0.043795098
2016-03-06 00:00:00 UTC,0.000218807,22620059.04,61421.2078,-0.00388927
2016-03-05 00:00:00 UTC,0.00021966,22705157.9,85552.79495,-0.072702652
2016-03-04 00:00:00 UTC,0.000236225,24414089.03,54237.80507,-0.022101246
2016-03-03 00:00:00 UTC,0.000241504,24956361.4,112818.2928,-0.000220688
2016-03-02 00:00:00 UTC,0.000241557,24958527.13,85769.22821,-0.02228353
2016-03-01 00:00:00 UTC,0.000247,25517570.37,91227.85601,-0.005178348
2016-02-29 00:00:00 UTC,0.000248283,25646605.52,141143.6418,-0.017521573
2016-02-28 00:00:00 UTC,0.000252671,26096451.11,205703.2831,-0.00458426
2016-02-27 00:00:00 UTC,0.000253832,26212832.48,141049.9469,-0.015592765
2016-02-26 00:00:00 UTC,0.000257821,26621227.22,87304.25569,-0.023779048
2016-02-25 00:00:00 UTC,0.000264025,27258182.5,64163.27324,-0.037266654
2016-02-24 00:00:00 UTC,0.00027405,28290557.68,117660.7195,-0.008452625
2016-02-23 00:00:00 UTC,0.000276377,28526914.71,142621.9899,-0.009501849
2016-02-22 00:00:00 UTC,0.000279015,28795390.34,107348.3761,-0.013648304
2016-02-21 00:00:00 UTC,0.000282849,29187207.31,143944.5298,-0.017076644
2016-02-20 00:00:00 UTC,0.000287721,29685894.16,65790.61919,-0.008781741
2016-02-19 00:00:00 UTC,0.000290259,29943706.92,377539.5336,0.068010725
2016-02-18 00:00:00 UTC,0.000271175,27971183.48,70382.60757,-0.006601417
2016-02-17 00:00:00 UTC,0.000272971,28152705.07,115187.1841,-0.038909958
2016-02-16 00:00:00 UTC,0.000283801,29265806.73,97502.79891,-0.02350154
2016-02-15 00:00:00 UTC,0.00029055,29957764.15,263315.1172,-0.003797149
2016-02-14 00:00:00 UTC,0.000291655,30067725.68,63543.21629,0.011327334
2016-02-13 00:00:00 UTC,0.00028837,29725097.45,71713.66949,-0.020520239
2016-02-12 00:00:00 UTC,0.000294349,30337303.6,165064.1783,0.051244955
2016-02-11 00:00:00 UTC,0.000279645,28817941.66,194452.2882,-0.033096423
2016-02-10 00:00:00 UTC,0.000289055,29783709.68,117205.6984,0.006071113
2016-02-09 00:00:00 UTC,0.000287305,29599490.55,63039.92557,0.022116799
2016-02-08 00:00:00 UTC,0.000281021,28948161.27,94921.23847,-0.001005783
2016-02-07 00:00:00 UTC,0.000281304,28973381.88,149491.3775,-0.052911794
2016-02-06 00:00:00 UTC,0.000296589,30543595.3,282685.1924,-0.002059655
2016-02-05 00:00:00 UTC,0.0002972,30602461.38,135163.1379,0.038466884
2016-02-04 00:00:00 UTC,0.000285985,29443692.33,148204.9164,0.093791428
2016-02-03 00:00:00 UTC,0.000260382,26804063.65,95788.24084,0.000827444
2016-02-02 00:00:00 UTC,0.000260166,26778326.71,76283.81092,-0.007893314
2016-02-01 00:00:00 UTC,0.000262228,26986941.52,193545.9009,-0.002579852
2016-01-31 00:00:00 UTC,0.000262905,27049434.78,381620.6501,0.025891518
2016-01-30 00:00:00 UTC,0.000256186,26358072.68,314331.3244,-0.209810203
2016-01-29 00:00:00 UTC,0.000315991,32506845.43,333215.7664,-0.076905302
2016-01-28 00:00:00 UTC,0.000341251,35100688.4,1154900.775,-0.275239698
2016-01-27 00:00:00 UTC,0.000449375,46203436.05,1921126.367,0.275397718
2016-01-26 00:00:00 UTC,0.000341197,35080886.94,1687098.744,0.480245271
2016-01-25 00:00:00 UTC,0.000211075,21699198.18,188272.7271,0.110437663
2016-01-24 00:00:00 UTC,0.000189006,19430376.61,100807.8592,0.097180416
2016-01-23 00:00:00 UTC,0.000171502,17626163.71,82859.62142,0.043989763
2016-01-22 00:00:00 UTC,0.000164121,16867599.8,91631.87012,0.027164179
2016-01-21 00:00:00 UTC,0.000159723,16413370.84,23739.69402,-0.033300722
2016-01-20 00:00:00 UTC,0.000165132,16966854.7,71361.06417,0.109895304
2016-01-19 00:00:00 UTC,0.000147946,15199013.64,29585.34897,-0.010044066
2016-01-18 00:00:00 UTC,0.00014944,15350363.53,26047.99312,-0.021106579
2016-01-17 00:00:00 UTC,0.000152627,15673561.66,30538.16763,-0.022261377
2016-01-16 00:00:00 UTC,0.000156063,16026389.37,77007.39304,0.047231454
2016-01-15 00:00:00 UTC,0.000148863,15282878.97,97822.31043,-0.203226276
2016-01-14 00:00:00 UTC,0.00018241,18726871.23,70573.74073,-0.024307905
2016-01-13 00:00:00 UTC,0.000186898,19185083.19,142467.4266,-0.016514881
2016-01-12 00:00:00 UTC,0.00019001,19501909.45,245905.9282,0.033738749
2016-01-11 00:00:00 UTC,0.000183706,18852370.31,90530.08658,0.013991705
2016-01-10 00:00:00 UTC,0.000181154,18587920.23,143448.8365,-0.021544249
2016-01-09 00:00:00 UTC,0.000185099,18990035.57,423275.0865,0.139168024
2016-01-08 00:00:00 UTC,0.000161051,16520495.47,123383.5171,0.037501413
2016-01-07 00:00:00 UTC,0.000155124,15907090.72,70828.50886,-0.044684971
2016-01-06 00:00:00 UTC,0.000162212,16634019.05,55747.20653,0.037254031
2016-01-05 00:00:00 UTC,0.000156281,16023469.39,45763.00344,0.049405233
2016-01-04 00:00:00 UTC,0.000148747,15248989.25,43474.26561,-0.011503312
2016-01-03 00:00:00 UTC,0.000150468,15423332.44,45975.93427,-0.041404079
2016-01-02 00:00:00 UTC,0.000156829,16073110.74,51105.37171,0.145387093
2016-01-01 00:00:00 UTC,0.000135608,13896310.37,27162.65562,-0.114785394
2015-12-31 00:00:00 UTC,0.000152102,15584441.91,83640.10045,0.015369458
2015-12-30 00:00:00 UTC,0.000149782,15344653.65,96567.23944,-0.077642295
2015-12-29 00:00:00 UTC,0.000161875,16581252.22,67840.03984,0.157820067
2015-12-28 00:00:00 UTC,0.000138242,14158521.5,68361.30723,-0.09486743
2015-12-27 00:00:00 UTC,0.000151999,15565363.72,71602.64443,0.035571564
2015-12-26 00:00:00 UTC,0.000146687,15019369.14,97824.50367,-0.052967618
2015-12-25 00:00:00 UTC,0.000154666,15834176.42,96999.13075,-0.007043832
2015-12-24 00:00:00 UTC,0.00015576,15943938.85,74577.27044,0.023202896
2015-12-23 00:00:00 UTC,0.000152187,15576111,94028.23145,0.028051512
2015-12-22 00:00:00 UTC,0.000147977,15143119.7,73406.88012,-0.012358421
2015-12-21 00:00:00 UTC,0.000149817,15329333.9,119872.8154,-0.013590062
2015-12-20 00:00:00 UTC,0.000151867,15536963.72,79742.27325,-0.061775531
2015-12-19 00:00:00 UTC,0.000161545,16524772.02,76104.27675,0.006239004
2015-12-18 00:00:00 UTC,0.00016054,16419763.57,95818.89211,0.015431423
2015-12-17 00:00:00 UTC,0.000158082,16166137.25,109625.9261,-0.022641906
2015-12-16 00:00:00 UTC,0.000161702,16534027.19,97691.02462,0.006376101
2015-12-15 00:00:00 UTC,0.000160674,16426630.7,93360.72635,0.05792251
2015-12-14 00:00:00 UTC,0.000151632,15502190.41,80726.10805,-0.007673099
2015-12-13 00:00:00 UTC,0.0001528,15619472.05,106256.3013,-0.012831503
2015-12-12 00:00:00 UTC,0.000154773,15816797.88,87693.2041,-0.017984579
2015-12-11 00:00:00 UTC,0.000157582,16103829.66,141814.6274,0.087404982
2015-12-10 00:00:00 UTC,0.000144393,14754053.7,113437.6091,-0.03261877
2015-12-09 00:00:00 UTC,0.000149181,15241154.98,163579.3501,0.028171662
2015-12-08 00:00:00 UTC,0.000145037,14815684.99,123893.8083,0.123807549
2015-12-07 00:00:00 UTC,0.000128147,13088211.29,54005.07433,-0.000412526
2015-12-06 00:00:00 UTC,0.0001282,13091826.75,55895.03974,-0.02628349
2015-12-05 00:00:00 UTC,0.000131614,13438545.65,50548.19724,0.019312908
2015-12-04 00:00:00 UTC,0.000129097,13179682.3,39440.95069,0.016177491
2015-12-03 00:00:00 UTC,0.000127025,12966428.44,60382.43257,-0.015538482
2015-12-02 00:00:00 UTC,0.000129014,13167673.45,35444.39474,0.0148862
2015-12-01 00:00:00 UTC,0.000127108,12971329.42,45149.73141,-0.018304552
2015-11-30 00:00:00 UTC,0.000129456,13209157.7,46514.31042,-0.028071211
2015-11-29 00:00:00 UTC,0.000133142,13583360.89,34292.73161,0.010822333
2015-11-28 00:00:00 UTC,0.000131708,13435343.68,28000.84134,-0.016244913
2015-11-27 00:00:00 UTC,0.000133866,13653513.03,33219.62327,0.001552614
2015-11-26 00:00:00 UTC,0.000133658,13630491.7,60398.42464,-0.00245229
2015-11-25 00:00:00 UTC,0.000133986,13662085.37,27584.41053,0.043708552
2015-11-24 00:00:00 UTC,0.000128256,13076016.13,52619.22312,-0.005878686
2015-11-23 00:00:00 UTC,0.000129012,13151326.97,67605.49993,0.018560263
2015-11-22 00:00:00 UTC,0.00012664,12907685.1,9558.460888,-0.033666109
2015-11-21 00:00:00 UTC,0.000130976,13347785.26,24654.76691,0.023087961
2015-11-20 00:00:00 UTC,0.000127986,13041367.75,32704.40575,-0.020105346
2015-11-19 00:00:00 UTC,0.000130586,13304393.78,47899.04832,-0.028877731
2015-11-18 00:00:00 UTC,0.000134412,13692358.52,73467.75473,0.015781519
2015-11-17 00:00:00 UTC,0.000132307,13476129.71,40013.71052,0.01344997
2015-11-16 00:00:00 UTC,0.000130539,13294269.76,43680.81359,0.040076406
2015-11-15 00:00:00 UTC,0.000125411,12770287.08,29823.41929,-0.035310662
2015-11-14 00:00:00 UTC,0.000129919,13227475.08,30901.12059,-0.021673951
2015-11-13 00:00:00 UTC,0.000132765,13515445.91,24032.95671,0.017252809
2015-11-12 00:00:00 UTC,0.000130494,13282457.98,118459.7606,0.068112014
2015-11-11 00:00:00 UTC,0.000121902,12406186.72,133255.6951,0.011772353
2015-11-10 00:00:00 UTC,0.000120475,12259317.94,49928.90394,-0.100902341
2015-11-09 00:00:00 UTC,0.000133266,13559028.57,28794.291,0.006457739
2015-11-08 00:00:00 UTC,0.000132408,13469908.4,27487.73823,-0.061708968
2015-11-07 00:00:00 UTC,0.000140836,14325385.92,35384.80269,0.020754427
2015-11-06 00:00:00 UTC,0.000137944,14029224.48,65268.18519,-0.002145349
2015-11-05 00:00:00 UTC,0.00013824,14057436.09,48408.79312,0.032605062
2015-11-04 00:00:00 UTC,0.000133805,13604651.45,137206.7543,-0.087416878
2015-11-03 00:00:00 UTC,0.000146029,14845464.54,79480.44412,0.06193127
2015-11-02 00:00:00 UTC,0.000137259,13952054.68,27562.83062,0.02626396
2015-11-01 00:00:00 UTC,0.000133701,13588532.95,29637.15622,0.039174026
2015-10-31 00:00:00 UTC,0.000128565,13064730.52,34864.53539,-0.070550665
2015-10-30 00:00:00 UTC,0.000137963,14017825.46,105322.4906,0.045834721
2015-10-29 00:00:00 UTC,0.000131782,13387983.76,43857.40266,0.087331071
2015-10-28 00:00:00 UTC,0.000120762,12266711.47,25138.62377,0.029106198
2015-10-27 00:00:00 UTC,0.000117297,11913191.19,26314.75205,0.024010926
2015-10-26 00:00:00 UTC,0.000114514,11628970.72,13362.63592,0.016335322
2015-10-25 00:00:00 UTC,0.000112659,11438973.19,18462.79415,-0.017989277
2015-10-24 00:00:00 UTC,0.000114704,11645020.58,20339.86988,0.006383485
2015-10-23 00:00:00 UTC,0.000113974,11569343.02,20348.78388,-0.019477349
2015-10-22 00:00:00 UTC,0.000116216,11795275.67,18155.32953,-0.000974545
2015-10-21 00:00:00 UTC,0.000116329,11805174.66,19566.30919,-0.005989108
2015-10-20 00:00:00 UTC,0.000117028,11874909.32,16251.3671,0.003179863
2015-10-19 00:00:00 UTC,0.000116656,11835528.05,20248.26725,-0.004940693
2015-10-18 00:00:00 UTC,0.000117234,11892512.91,12482.70837,-0.001663108
2015-10-17 00:00:00 UTC,0.000117429,11910686.46,20760.50529,-0.00838562
2015-10-16 00:00:00 UTC,0.000118418,12009330.84,40835.88731,-0.0066726
2015-10-15 00:00:00 UTC,0.000119211,12088091.51,27185.66201,0.007860781
2015-10-14 00:00:00 UTC,0.000118278,11991799.9,39270.11524,-0.014718803
2015-10-13 00:00:00 UTC,0.000120031,12161258.58,29859.87415,0.018070881
2015-10-12 00:00:00 UTC,0.000117882,11943467.69,26562.78587,-0.021127612
2015-10-11 00:00:00 UTC,0.000120399,12198489.15,8554.881233,0.023436959
2015-10-10 00:00:00 UTC,0.00011761,11915917.91,10816.08394,-0.002182974
2015-10-09 00:00:00 UTC,0.000117867,11937069.21,31581.46274,-0.001543087
2015-10-08 00:00:00 UTC,0.000118049,11955503.37,28560.39573,-0.002960072
2015-10-07 00:00:00 UTC,0.000118399,11990944.94,41112.47692,-0.017426022
2015-10-06 00:00:00 UTC,0.00012048,12201730.65,40020.48174,0.036145234
2015-10-05 00:00:00 UTC,0.000116203,11766956.93,38105.80828,-0.011193665
2015-10-04 00:00:00 UTC,0.000117511,11897807.06,29756.81226,-0.027175829
2015-10-03 00:00:00 UTC,0.000120748,12223880.24,18776.88228,-0.001535251
2015-10-02 00:00:00 UTC,0.000120934,12241048.79,25244.51703,-0.009833348
2015-10-01 00:00:00 UTC,0.000122129,12360423.74,28004.8051,-9.12E-05
2015-09-30 00:00:00 UTC,0.00012214,12359939.24,36937.17758,0.011769878
2015-09-29 00:00:00 UTC,0.000120711,12213711.18,97603.73082,-0.014136586
2015-09-28 00:00:00 UTC,0.000122429,12386005.55,60386.3231,0.014368267
2015-09-27 00:00:00 UTC,0.000120683,12207741.53,28098.93645,-0.001571886
2015-09-26 00:00:00 UTC,0.000120873,12225360.52,25597.41435,0.002110689
2015-09-25 00:00:00 UTC,0.000120618,12197985.12,55804.98093,-0.01450787
2015-09-24 00:00:00 UTC,0.000122381,12374660.21,37664.43516,0.00878157
2015-09-23 00:00:00 UTC,0.000121311,12264856.67,129628.0592,-0.023778498
2015-09-22 00:00:00 UTC,0.00012423,12558373.11,98836.75843,-0.014421326
2015-09-21 00:00:00 UTC,0.000126034,12739132.82,100024.223,0.007600187
2015-09-20 00:00:00 UTC,0.00012508,12641052.75,38708.49133,-0.000868316
2015-09-19 00:00:00 UTC,0.000125189,12650387.19,31248.79157,0.006259395
2015-09-18 00:00:00 UTC,0.000124408,12569825.48,39651.10129,-0.001205332
2015-09-17 00:00:00 UTC,0.000124558,12583346.75,57839.91798,0.026400574
2015-09-16 00:00:00 UTC,0.000121312,12253886.89,55833.74987,-0.010887229
2015-09-15 00:00:00 UTC,0.00012264,12386401.37,40866.09815,-0.014149879
2015-09-14 00:00:00 UTC,0.000124388,12561281.92,46559.42315,0.002604543
2015-09-13 00:00:00 UTC,0.000124064,12526985.28,37897.83685,-0.017407333
2015-09-12 00:00:00 UTC,0.000126243,12745322.96,42558.99534,-0.038300222
2015-09-11 00:00:00 UTC,0.000131172,13241224.01,47383.12046,0.015849169
2015-09-10 00:00:00 UTC,0.000129109,13031301.17,51210.62077,0.007579465
2015-09-09 00:00:00 UTC,0.000128134,12931211.21,85868.68838,-0.025230988
2015-09-08 00:00:00 UTC,0.000131408,13259901.73,64359.21886,0.016917056
2015-09-07 00:00:00 UTC,0.000129204,13035776.03,53228.06834,-0.026448541
2015-09-06 00:00:00 UTC,0.000132667,13383440.72,74509.62125,0.022087169
2015-09-05 00:00:00 UTC,0.000129769,13089392.41,70845.34759,0.047679346
2015-09-04 00:00:00 UTC,0.000123727,12478346.75,18649.83381,0.018641106
2015-09-03 00:00:00 UTC,0.000121442,12246325.89,44265.56676,-0.035265572
2015-09-02 00:00:00 UTC,0.000125801,12684250.11,27034.29724,-0.010789452
2015-09-01 00:00:00 UTC,0.000127165,12820188.51,51422.78781,-0.015374532
2015-08-31 00:00:00 UTC,0.000129136,13017105.42,29622.20866,0.000872731
2015-08-30 00:00:00 UTC,0.000129023,13004105.3,40284.17313,-0.015904184
2015-08-29 00:00:00 UTC,0.000131091,13210874.84,37341.02798,-0.002379982
2015-08-28 00:00:00 UTC,0.000131404,13240654.42,67097.655,0.022284656
2015-08-27 00:00:00 UTC,0.000128508,12947176.92,45427.73394,-0.019237463
2015-08-26 00:00:00 UTC,0.000131004,13196946.12,91458.65407,0.013395699
2015-08-25 00:00:00 UTC,0.000129261,13019664.11,98315.18647,0.028456989
2015-08-24 00:00:00 UTC,0.000125634,12652749.31,20928.17936,-0.087611575
2015-08-23 00:00:00 UTC,0.000137138,13809509.17,33650.86665,-0.032906198
2015-08-22 00:00:00 UTC,0.000141726,14269616.54,10055.25555,-0.003906959
2015-08-21 00:00:00 UTC,0.00014228,14323631.76,31738.67344,0.031868685
2015-08-20 00:00:00 UTC,0.000137818,13872541.81,22377.6265,0.046089835
2015-08-19 00:00:00 UTC,0.00013161,13245950.08,32934.46557,-0.082432068
2015-08-18 00:00:00 UTC,0.000142918,14382286.53,27198.96775,-0.045114218
2015-08-17 00:00:00 UTC,0.000149514,15044093.3,19521.50192,0.012326639
2015-08-16 00:00:00 UTC,0.000147682,14857893.67,28227.22039,-0.038124057
2015-08-15 00:00:00 UTC,0.000153421,15433329.47,15671.14469,-0.013647844
2015-08-14 00:00:00 UTC,0.000155529,15643399.19,29479.29523,-0.001250861
2015-08-13 00:00:00 UTC,0.000155724,15660990.94,26721.00414,-0.029441772
2015-08-12 00:00:00 UTC,0.000160377,16126854.51,108202.3603,-0.016919979
2015-08-11 00:00:00 UTC,0.000163113,16399917.29,110611.1667,0.014242326
2015-08-10 00:00:00 UTC,0.000160807,16165873.6,59846.13791,-0.007337502
2015-08-09 00:00:00 UTC,0.000161991,16249084,106433.3545,0.01131012
2015-08-08 00:00:00 UTC,0.000160169,16066340.28,141485.0358,-0.043640021
2015-08-07 00:00:00 UTC,0.000167314,16782999.49,97744.32543,-0.002140761
2015-08-06 00:00:00 UTC,0.000167672,16818966.36,84177.6485,-0.03598335
2015-08-05 00:00:00 UTC,0.000173816,17435189.51,62873.32073,-0.010424745
2015-08-04 00:00:00 UTC,0.000175637,17617897.61,52861.94228,0.005642252
2015-08-03 00:00:00 UTC,0.000174649,17518772.9,119250.615,0.009042797
2015-08-02 00:00:00 UTC,0.000173077,17361068.3,47504.33152,-0.01342938
2015-08-01 00:00:00 UTC,0.000175417,17595789.23,155512.6007,-0.049244516
2015-07-31 00:00:00 UTC,0.000184271,18483975.01,136602.9981,0.005109907
2015-07-30 00:00:00 UTC,0.000183332,18389764.52,68676.76506,-0.002427175
2015-07-29 00:00:00 UTC,0.000183777,18434453.91,154033.9212,-0.022516565
2015-07-28 00:00:00 UTC,0.000187962,18854242.85,108329.361,0.00364242
2015-07-27 00:00:00 UTC,0.000187279,18785692.69,108958.7628,0.000259786
2015-07-26 00:00:00 UTC,0.00018723,18780813.06,78959.42381,-0.005163487
2015-07-25 00:00:00 UTC,0.0001882,18878038.34,47176.15647,0.006151449
2015-07-24 00:00:00 UTC,0.000187046,18762267.49,196115.8787,0.053290511
2015-07-23 00:00:00 UTC,0.000177339,17786311.15,153591.4949,-0.031422021
2015-07-22 00:00:00 UTC,0.000183,18351660.4,277774.3164,0.083508158
2015-07-21 00:00:00 UTC,0.000168338,16879161.4,20195.55917,-0.026230316
2015-07-20 00:00:00 UTC,0.000172812,17325498.48,112013.2958,0.021072001
2015-07-19 00:00:00 UTC,0.000169209,16957663.39,153786.0778,-0.050206272
2015-07-18 00:00:00 UTC,0.000177921,17830778.98,26558.88914,-0.006761131
2015-07-17 00:00:00 UTC,0.000179128,17951743.68,152940.4209,0.044554772
2015-07-16 00:00:00 UTC,0.000171322,17167220.15,82033.43335,-0.076078606
2015-07-15 00:00:00 UTC,0.000184865,18522350.64,192358.4191,-0.073787111
2015-07-14 00:00:00 UTC,0.000199021,19935486.23,308839.7361,-0.00096363
2015-07-13 00:00:00 UTC,0.000199213,19954705.93,337402.9344,-0.028775784
2015-07-12 00:00:00 UTC,0.000205029,20534523.7,61355.99943,0.058635759
2015-07-11 00:00:00 UTC,0.000193353,19362556.13,406779.0906,-0.041890378
2015-07-10 00:00:00 UTC,0.000201624,20188232.27,1464157.325,0.04135358
2015-07-09 00:00:00 UTC,0.000193456,19367834.33,137571.7143,0.031362038
2015-07-08 00:00:00 UTC,0.000187483,18767469.06,338870.5508,-0.001750788
2015-07-07 00:00:00 UTC,0.000187812,18798058.1,233202.2502,-0.008906344
2015-07-06 00:00:00 UTC,0.000189492,18963823.23,417008.3104,-0.005622602
2015-07-05 00:00:00 UTC,0.000190561,19068905.88,55499.39494,-0.004782474
2015-07-04 00:00:00 UTC,0.000191474,19157861.05,141087.2128,0.01076856
2015-07-03 00:00:00 UTC,0.000189423,18950262.5,27820.23531,-0.00151678
2015-07-02 00:00:00 UTC,0.000189711,18976632.29,20066.35053,-0.006759023
2015-07-01 00:00:00 UTC,0.000190997,19102960.63,41437.67597,-0.036879105
2015-06-30 00:00:00 UTC,0.000198173,19818139.96,416142.7569,-0.010013271
2015-06-29 00:00:00 UTC,0.000200167,20015108.78,324065.2426,0.055202413
2015-06-28 00:00:00 UTC,0.000189417,18937761.33,232596.096,-0.036450232
2015-06-27 00:00:00 UTC,0.000196448,19635731.54,306811.4458,0.079330385
2015-06-26 00:00:00 UTC,0.000181466,18135926.98,171450.6414,-0.017653013
2015-06-25 00:00:00 UTC,0.000184698,18449563.39,302219,0.012087175
2015-06-24 00:00:00 UTC,0.000182479,18227902.62,267988.9511,-0.022676528
2015-06-23 00:00:00 UTC,0.000186664,18645970.4,262991.1426,-0.058843393
2015-06-22 00:00:00 UTC,0.000197978,19776086.42,33402.2804,0.001268132
2015-06-21 00:00:00 UTC,0.000197727,19751023.63,319909.1623,-0.014484634
2015-06-20 00:00:00 UTC,0.000200612,19991212.83,624620.9098,0.002743026
2015-06-19 00:00:00 UTC,0.000200062,19936451.57,852936.8422,-0.014740495
2015-06-18 00:00:00 UTC,0.000203033,20232501.33,736657.9371,0.063957783
2015-06-17 00:00:00 UTC,0.000190454,18978988.63,1400337.446,-0.014785954
2015-06-16 00:00:00 UTC,0.000193291,19261695.99,744821.1005,0.145262506
2015-06-15 00:00:00 UTC,0.000167157,16657423.19,142225.0193,0.017276157
2015-06-14 00:00:00 UTC,0.000164294,16372118.51,296797.0832,0.015283166
2015-06-13 00:00:00 UTC,0.000161802,16123803.06,193564.7748,0.039172886
2015-06-12 00:00:00 UTC,0.000155587,15504398.31,106598.3987,0.001573435
2015-06-11 00:00:00 UTC,0.000155342,15480022.32,116433.6672,0.005935257
2015-06-10 00:00:00 UTC,0.000154423,15388416.54,168557.2414,-0.042353844
2015-06-09 00:00:00 UTC,0.000161104,16054174.31,204757.1652,0.015072577
2015-06-08 00:00:00 UTC,0.000158694,15814011.02,130165.2381,0.040068268
2015-06-07 00:00:00 UTC,0.000152461,15192897.56,23974.73546,-0.032494371
2015-06-06 00:00:00 UTC,0.000157496,15694689.76,143737.1145,0.035258269
2015-06-05 00:00:00 UTC,0.00015204,15150963.92,145815.0945,0.023604417
2015-06-04 00:00:00 UTC,0.000148493,14797522.04,27698.00575,-0.016292467
2015-06-03 00:00:00 UTC,0.000150932,15040584.85,406127.5153,-0.051717451
2015-06-02 00:00:00 UTC,0.000158943,15838911.34,799033.5849,0.112714169
2015-06-01 00:00:00 UTC,0.000142001,14148765.18,345660.9444,-0.077006657
2015-05-31 00:00:00 UTC,0.000153368,15279410.26,342078.3458,-0.050150207
2015-05-30 00:00:00 UTC,0.000161256,16063206.22,495006.6974,-0.083359272
2015-05-29 00:00:00 UTC,0.000175274,17457415.39,211915.0346,-0.091930813
2015-05-28 00:00:00 UTC,0.000192151,19135944.45,901516.649,0.051852368
2015-05-27 00:00:00 UTC,0.000182441,18166714.64,327968.1039,0.129799054
2015-05-26 00:00:00 UTC,0.000160233,15953296.03,417419.648,0.127254697
2015-05-25 00:00:00 UTC,0.000141087,14045221.29,202518.7163,-0.00798039
2015-05-24 00:00:00 UTC,0.000142217,14155938.74,241493.1858,0.025327704
2015-05-23 00:00:00 UTC,0.00013866,13800130.08,389118.531,-0.011751498
2015-05-22 00:00:00 UTC,0.0001403,13961418.3,264623.6981,0.056399716
2015-05-21 00:00:00 UTC,0.000132606,13166821.38,141358.55,0.001261517
2015-05-20 00:00:00 UTC,0.000132439,13150221.69,294958.7934,0.104970718
2015-05-19 00:00:00 UTC,0.000119241,11839813.75,222206.0814,0.033480242
2015-05-18 00:00:00 UTC,0.000115315,11449976.26,60363.66755,0.005035451
2015-05-17 00:00:00 UTC,0.000114736,11392465.38,64247.55013,-0.012588407
2015-05-16 00:00:00 UTC,0.000116189,11536784.85,84499.99387,-0.033533466
2015-05-15 00:00:00 UTC,0.000120152,11930212.87,158610.228,0.053546063
2015-05-14 00:00:00 UTC,0.000113887,11308198.75,200268.083,-0.009741069
2015-05-13 00:00:00 UTC,0.000115002,11418890.95,461926.566,0.043467262
2015-05-12 00:00:00 UTC,0.00011011,10933175.86,175089.7161,0.19079265
2015-05-11 00:00:00 UTC,9.10E-05,9034125.905,51278.7083,-0.000532047
2015-05-10 00:00:00 UTC,9.10E-05,9038933.764,46572.36044,-0.011039643
2015-05-09 00:00:00 UTC,9.20E-05,9139273.205,36147.68326,0.003211552
2015-05-08 00:00:00 UTC,9.17E-05,9109969.032,37243.80363,0.030906616
2015-05-07 00:00:00 UTC,8.90E-05,8832717.245,34793.81875,0.023341204
2015-05-06 00:00:00 UTC,8.69E-05,8628938.461,42482.03729,-0.018360386
2015-05-05 00:00:00 UTC,8.85E-05,8788832.465,60213.29937,-0.024661709
2015-05-04 00:00:00 UTC,9.07E-05,9007125.46,60677.14604,-0.000409512
2015-05-03 00:00:00 UTC,9.08E-05,9009657.107,85958.3657,-0.074875919
2015-05-02 00:00:00 UTC,9.78E-05,9708918.08,53063.6239,-0.01229087
2015-05-01 00:00:00 UTC,9.90E-05,9827740.648,94331.04369,-0.03660821
2015-04-30 00:00:00 UTC,0.00010272,10192849.69,54144.80924,0.041879266
2015-04-29 00:00:00 UTC,9.85E-05,9773543.854,39604.8833,-0.001277454
2015-04-28 00:00:00 UTC,9.86E-05,9784772.801,35401.02127,-0.056454486
2015-04-27 00:00:00 UTC,0.000104361,10351703.8,72033.5509,0.052449729
2015-04-26 00:00:00 UTC,9.90E-05,9821480.655,67470.5741,-0.042710716
2015-04-25 00:00:00 UTC,0.00010335,10248726.46,37458.26373,-0.008526134
2015-04-24 00:00:00 UTC,0.000104235,10335151.33,78423.71531,-0.044708385
2015-04-23 00:00:00 UTC,0.000109001,10806295.49,51429.99579,-0.006843663
2015-04-22 00:00:00 UTC,0.000109749,10879105.19,65550.58366,0.002431833
2015-04-21 00:00:00 UTC,0.000109483,10851266.99,47547.87479,0.062161079
2015-04-20 00:00:00 UTC,0.000102884,10195954.86,48398.18611,-0.030479198
2015-04-19 00:00:00 UTC,0.000106069,10508777.04,29533.39974,0.006601882
2015-04-18 00:00:00 UTC,0.000105371,10439627.84,21792.57092,-0.015334445
2015-04-17 00:00:00 UTC,0.000106999,10599570.46,52561.38841,-0.013073259
2015-04-16 00:00:00 UTC,0.000108407,10737647.3,49525.42352,0.028991533
2015-04-15 00:00:00 UTC,0.000105309,10429463.01,52107.49835,0.029976791
2015-04-14 00:00:00 UTC,0.000102199,10120125.45,69576.45614,-0.043907134
2015-04-13 00:00:00 UTC,0.000106786,10572994.91,50217.77462,-0.051558861
2015-04-12 00:00:00 UTC,0.000112437,11126641.84,24847.78903,-0.012861216
2015-04-11 00:00:00 UTC,0.000113892,11270668.17,34875.40736,0.014507257
2015-04-10 00:00:00 UTC,0.000112252,11108341.99,55845.22069,-0.025296184
2015-04-09 00:00:00 UTC,0.000115127,11392924.91,45382.36442,-0.008993834
2015-04-08 00:00:00 UTC,0.000116168,11494392.5,43220.55229,-0.038760571
2015-04-07 00:00:00 UTC,0.000120759,11945548.69,36241.4941,-0.018772809
2015-04-06 00:00:00 UTC,0.000123047,12171918.34,39017.37465,-0.016467624
2015-04-05 00:00:00 UTC,0.00012509,12372449.98,67830.63864,-0.007153841
2015-04-04 00:00:00 UTC,0.000125988,12459645.68,29687.46119,-0.009129381
2015-04-03 00:00:00 UTC,0.000127144,12572282.1,37501.00917,0.001381325
2015-04-02 00:00:00 UTC,0.000126968,12553265.5,39287.90244,0.005907581
2015-04-01 00:00:00 UTC,0.00012622,12477676.08,75085.4526,0.013435591
2015-03-31 00:00:00 UTC,0.000124536,12303088.05,54705.52458,-0.012650139
2015-03-30 00:00:00 UTC,0.000126121,12459712.39,39920.90743,0.000197645
2015-03-29 00:00:00 UTC,0.000126096,12457250.04,63575.62494,-0.033395081
2015-03-28 00:00:00 UTC,0.000130378,12880285.25,48858.49568,0.023100014
2015-03-27 00:00:00 UTC,0.000127401,12586160.7,35617.30174,-0.029687851
2015-03-26 00:00:00 UTC,0.00013124,12963689.06,55426.56298,0.008517795
2015-03-25 00:00:00 UTC,0.000130127,12852096.82,85130.53821,0.006491766
2015-03-24 00:00:00 UTC,0.000129285,12767257.32,100603.6467,-0.055265124
2015-03-23 00:00:00 UTC,0.000136631,13490933.09,154789.4875,0.033516835
2015-03-22 00:00:00 UTC,0.000132127,13044561.47,121567.7516,0.010209258
2015-03-21 00:00:00 UTC,0.000130785,12910397,81265.82869,-0.00822249
2015-03-20 00:00:00 UTC,0.000131865,13015294.66,38442.29309,-0.012806356
2015-03-19 00:00:00 UTC,0.000133565,13181321.93,101730.9538,0.019572729
2015-03-18 00:00:00 UTC,0.000130976,12922979.17,119477.155,-0.089979728
2015-03-17 00:00:00 UTC,0.000143308,14137909.46,75960.97693,-0.006770621
2015-03-16 00:00:00 UTC,0.000144281,14232081.96,65645.01206,0.019357204
2015-03-15 00:00:00 UTC,0.000141515,13957425.78,63421.23348,
