snapped_at,price,market_cap,total_volume,Logaritmic daily return
2018-11-24 00:00:00 UTC,0.006706173,2759977.567,4771.158527,0.014228172
2018-11-23 00:00:00 UTC,0.006611432,2737791.052,516.3825497,-0.060767571
2018-11-22 00:00:00 UTC,0.007025651,2892835.746,2360.870248,0.026122918
2018-11-21 00:00:00 UTC,0.006844496,2812350.559,3351.455317,-0.126217246
2018-11-20 00:00:00 UTC,0.007765277,3199654.794,2931.32109,-0.150903055
2018-11-19 00:00:00 UTC,0.009030116,3713784.99,672.1701835,0.000638399
2018-11-18 00:00:00 UTC,0.009024353,3711875.712,1798.425879,-0.032134302
2018-11-17 00:00:00 UTC,0.009319054,3832978.307,3249.322326,0.055359176
2018-11-16 00:00:00 UTC,0.008817178,3626051.075,2034.761376,-0.011812376
2018-11-15 00:00:00 UTC,0.008921948,3668879.71,3406.150971,-0.140921125
2018-11-14 00:00:00 UTC,0.01027214,4223628.716,6239.085188,-0.025270138
2018-11-13 00:00:00 UTC,0.010535026,4331285.844,5412.570746,0.013434288
2018-11-12 00:00:00 UTC,0.010394442,4273030.343,2912.674283,-0.001320295
2018-11-11 00:00:00 UTC,0.010408175,4267916.965,5686.045289,-0.006668089
2018-11-10 00:00:00 UTC,0.01047781,4306272.798,4028.248197,-0.027288889
2018-11-09 00:00:00 UTC,0.010767674,4421038.434,8180.610611,-0.011143835
2018-11-08 00:00:00 UTC,0.010888339,4471846.079,3144.778598,0.017749728
2018-11-07 00:00:00 UTC,0.010696779,4394891.009,3317.82771,0.049327323
2018-11-06 00:00:00 UTC,0.010181938,4183333.444,2581.531665,-0.018598955
2018-11-05 00:00:00 UTC,0.010373083,4261161.279,1898.688291,-0.071101288
2018-11-04 00:00:00 UTC,0.011137475,4574250.213,736.0778946,0.073267288
2018-11-03 00:00:00 UTC,0.010350639,4251254.763,14319.10125,0.011635917
2018-11-02 00:00:00 UTC,0.010230898,4194253.57,3475.346207,-0.000578957
2018-11-01 00:00:00 UTC,0.010236823,4203723.049,359.5940511,-0.036405915
2018-10-31 00:00:00 UTC,0.010616371,4359887.831,3802.986418,0.003272059
2018-10-30 00:00:00 UTC,0.01058169,4344596.504,5846.221411,0.009655562
2018-10-29 00:00:00 UTC,0.01048001,4302572.844,5082.236054,-0.017001616
2018-10-28 00:00:00 UTC,0.01065971,4375524.745,3341.555533,-0.009747711
2018-10-27 00:00:00 UTC,0.010764126,4201295.138,3655.456575,-0.02959132
2018-10-26 00:00:00 UTC,0.01108741,4327557.655,7889.604161,0.067078118
2018-10-25 00:00:00 UTC,0.010368083,4046388.215,8072.725944,0.006205124
2018-10-24 00:00:00 UTC,0.010303947,4021761.896,4613.716133,-0.033828828
2018-10-23 00:00:00 UTC,0.01065848,4160140.789,4240.40502,0.025402195
2018-10-22 00:00:00 UTC,0.010391141,4055795,12450.23624,0.043143081
2018-10-21 00:00:00 UTC,0.009952369,3884330.432,4689.627963,0.026462896
2018-10-20 00:00:00 UTC,0.009692454,3783190.171,4235.547786,0.006015886
2018-10-19 00:00:00 UTC,0.009634321,3760398.213,2114.789138,-0.045208701
2018-10-18 00:00:00 UTC,0.010079871,3934302.301,2591.511231,-0.020091844
2018-10-17 00:00:00 UTC,0.010284443,4014289.587,2333.180081,0.031347176
2018-10-16 00:00:00 UTC,0.009967055,3890268.693,3065.555195,0.026990834
2018-10-15 00:00:00 UTC,0.009701634,3786671.474,6093.460985,0.002876388
2018-10-14 00:00:00 UTC,0.009673768,3775638.382,4784.068675,-0.007568242
2018-10-13 00:00:00 UTC,0.00974726,3804479.728,5243.497093,-0.073048108
2018-10-12 00:00:00 UTC,0.010485929,4092791.909,4850.883591,-0.099228937
2018-10-11 00:00:00 UTC,0.011579812,4520238.791,2401.932189,0.027922923
2018-10-10 00:00:00 UTC,0.011260942,4395229.682,3609.867338,-0.03910144
2018-10-09 00:00:00 UTC,0.011709983,4570443.132,4256.153515,-0.013512195
2018-10-08 00:00:00 UTC,0.011869285,4636608.145,4207.149257,0.034783053
2018-10-07 00:00:00 UTC,0.011463532,4474362.807,3597.025199,-0.073367423
2018-10-06 00:00:00 UTC,0.012336203,4814977.514,1578.433991,0.001632999
2018-10-05 00:00:00 UTC,0.012316075,4807121.078,1530.350011,0.013118977
2018-10-04 00:00:00 UTC,0.012155556,4745291.213,4668.48632,-0.021061436
2018-10-03 00:00:00 UTC,0.012414284,4845453.464,3761.944864,-0.017235215
2018-10-02 00:00:00 UTC,0.012630102,4929689.726,8199.440546,0.064652596
2018-10-01 00:00:00 UTC,0.01183937,4621056.944,6091.378661,-0.00803034
2018-09-30 00:00:00 UTC,0.011934827,4658315.001,2865.239304,-0.050260637
2018-09-29 00:00:00 UTC,0.012550009,4898428.462,4114.415344,-0.053553901
2018-09-28 00:00:00 UTC,0.013240433,5167909.901,6776.166699,-0.040291714
2018-09-27 00:00:00 UTC,0.013784806,5380385.611,17815.64996,0.159393614
2018-09-26 00:00:00 UTC,0.011753762,4586184.012,15907.62041,-0.023505602
2018-09-25 00:00:00 UTC,0.012033314,4696288.734,8356.915442,0.012152995
2018-09-24 00:00:00 UTC,0.011887958,4640021.688,9878.011034,-0.037147534
2018-09-23 00:00:00 UTC,0.012337871,4815628.537,19259.00157,-0.032223032
2018-09-22 00:00:00 UTC,0.01274191,4973329.85,48355.84002,-0.010176867
2018-09-21 00:00:00 UTC,0.012872244,5024049.601,42290.8698,-0.071223343
2018-09-20 00:00:00 UTC,0.013822487,5394115.275,212235.6122,0.121349237
2018-09-19 00:00:00 UTC,0.012242916,4864176.972,251860.1798,-0.407883501
2018-09-18 00:00:00 UTC,0.01840884,7186573.577,11847.32017,-0.059942435
2018-09-17 00:00:00 UTC,0.019546054,7629074.3,1395.82338,-0.00884622
2018-09-16 00:00:00 UTC,0.01971973,7697308.719,2555.310787,0.021956875
2018-09-15 00:00:00 UTC,0.019291465,7528399.331,5363.890077,-0.026229578
2018-09-14 00:00:00 UTC,0.019804167,7729399.441,11293.40352,0.08470436
2018-09-13 00:00:00 UTC,0.018195749,7102032.969,2801.784701,0.013035373
2018-09-12 00:00:00 UTC,0.0179601,7010056.099,4167.912771,-0.021453406
2018-09-11 00:00:00 UTC,0.018349568,7162070.46,5074.950646,0.003990246
2018-09-10 00:00:00 UTC,0.018276495,7133664.602,5248.964885,-0.016966848
2018-09-09 00:00:00 UTC,0.018589235,7255615.435,4454.464569,-0.057465954
2018-09-08 00:00:00 UTC,0.019688773,7684779.361,3824.722265,-0.034015916
2018-09-07 00:00:00 UTC,0.020370026,7951564.085,14105.56126,-0.033187394
2018-09-06 00:00:00 UTC,0.021057397,8218970.648,13160.82679,-0.109743543
2018-09-05 00:00:00 UTC,0.023499883,9197040.71,15987.88623,0.066276542
2018-09-04 00:00:00 UTC,0.021992883,8546734.023,7226.080832,-0.011114349
2018-09-03 00:00:00 UTC,0.022238683,8680041.639,5369.771313,0.032211177
2018-09-02 00:00:00 UTC,0.021533763,8402815.306,11435.99475,0.037122846
2018-09-01 00:00:00 UTC,0.020749024,8098608.462,8926.423992,0.017954414
2018-08-31 00:00:00 UTC,0.020379812,7954500.653,4719.550047,-0.052935905
2018-08-30 00:00:00 UTC,0.021487701,8386923.722,2711.349328,0.011871578
2018-08-29 00:00:00 UTC,0.021234116,8287946.377,69382.31682,0.024835392
2018-08-28 00:00:00 UTC,0.020713253,8074093.003,17899.0392,0.010905588
2018-08-27 00:00:00 UTC,0.02048859,7996958.134,4115.760851,-0.015773579
2018-08-26 00:00:00 UTC,0.020814331,8124098.879,9466.050873,0.021736007
2018-08-25 00:00:00 UTC,0.020366792,7949418.711,8199.59264,0.030794045
2018-08-24 00:00:00 UTC,0.019749174,7708007.095,3396.470269,0.026399663
2018-08-23 00:00:00 UTC,0.019234625,7522496.787,14229.36425,-0.088839431
2018-08-22 00:00:00 UTC,0.021021621,8205006.614,56292.09022,-0.046652263
2018-08-21 00:00:00 UTC,0.022025563,8596858.053,1778.232158,-0.029382638
2018-08-20 00:00:00 UTC,0.022682334,8852296.601,3449.282083,0.01374288
2018-08-19 00:00:00 UTC,0.022372745,8732367.732,17948.88559,-0.031853042
2018-08-18 00:00:00 UTC,0.023096856,9004208.267,4945.892893,0.05956318
2018-08-17 00:00:00 UTC,0.021761304,8491918.545,8884.379449,0.014049416
2018-08-16 00:00:00 UTC,0.021457708,8375220.516,8362.528589,0.006826379
2018-08-15 00:00:00 UTC,0.021311728,8318239.373,20957.01575,0.020539561
2018-08-14 00:00:00 UTC,0.02087846,8149129.055,28179.44434,-0.03158039
2018-08-13 00:00:00 UTC,0.021548331,8410588.498,501.5265236,0.01078857
2018-08-12 00:00:00 UTC,0.021317105,8320337.988,7173.08605,0.002045173
2018-08-11 00:00:00 UTC,0.021273553,8303338.846,15253.74076,-0.111233908
2018-08-10 00:00:00 UTC,0.02377652,9280279.016,7753.505451,0.097036176
2018-08-09 00:00:00 UTC,0.021577743,8422068.275,13990.50821,-0.119019234
2018-08-08 00:00:00 UTC,0.024304988,9486546.815,3003.048371,-0.038860847
2018-08-07 00:00:00 UTC,0.025268093,9862458.883,4704.829936,-0.010708125
2018-08-06 00:00:00 UTC,0.025540121,9968634.78,11429.31012,0.004100663
2018-08-05 00:00:00 UTC,0.025435604,9927840.47,13423.16632,-0.057199726
2018-08-04 00:00:00 UTC,0.026932928,10512265.37,17266.03767,-0.084109131
2018-08-03 00:00:00 UTC,0.029296228,11434691.36,27545.66464,0.016371291
2018-08-02 00:00:00 UTC,0.028820515,11249014.73,1571.341609,-0.038869072
2018-08-01 00:00:00 UTC,0.029962798,11694862.21,18287.41828,-0.070023503
2018-07-31 00:00:00 UTC,0.032136101,12543130.2,20444.32307,-0.055012428
2018-07-30 00:00:00 UTC,0.033953518,13252491.19,6004.086345,0.050793077
2018-07-29 00:00:00 UTC,0.032271981,12596165.88,12008.73224,0.013386941
2018-07-28 00:00:00 UTC,0.031842837,12428665.41,24483.7731,0.03435137
2018-07-27 00:00:00 UTC,0.030767566,12008973.49,12218.51808,-0.042961933
2018-07-26 00:00:00 UTC,0.032118206,12536145.28,4328.049079,-0.019737766
2018-07-25 00:00:00 UTC,0.032758445,12786038.84,9470.353577,0.035064873
2018-07-24 00:00:00 UTC,0.03162968,12345467.44,8929.164454,0.09610098
2018-07-23 00:00:00 UTC,0.028731525,11214280.46,3840.395922,-0.005708019
2018-07-22 00:00:00 UTC,0.028895994,11278474.82,3118.426885,-0.050621477
2018-07-21 00:00:00 UTC,0.030396408,11864105.57,24214.09567,-0.11395385
2018-07-20 00:00:00 UTC,0.034065266,13296107.9,14219.09083,-0.008038858
2018-07-19 00:00:00 UTC,0.034340216,13403424.2,45040.15411,0.056419277
2018-07-18 00:00:00 UTC,0.032456407,12668149.55,25778.71879,0.179794193
2018-07-17 00:00:00 UTC,0.02711545,10583505.89,14207.75757,0.077587202
2018-07-16 00:00:00 UTC,0.025091182,9793408.32,14517.32524,0.036171082
2018-07-15 00:00:00 UTC,0.024199825,9445500.18,38189.90839,-0.038821561
2018-07-14 00:00:00 UTC,0.025157774,9819399.974,12993.78844,0.051067256
2018-07-13 00:00:00 UTC,0.023905288,9330538.798,4067.980593,-0.034382027
2018-07-12 00:00:00 UTC,0.024741493,9656920.317,6115.397537,0.002654801
2018-07-11 00:00:00 UTC,0.024675897,9631317.114,6104.751769,-0.057684425
2018-07-10 00:00:00 UTC,0.026141167,10203230.79,6071.775403,-0.019743908
2018-07-09 00:00:00 UTC,0.026662424,10406684.31,14434.25154,-0.001952682
2018-07-08 00:00:00 UTC,0.026714539,10427025.11,62253.04978,0.027849943
2018-07-07 00:00:00 UTC,0.025980805,10140639.47,64633.12794,-0.033537051
2018-07-06 00:00:00 UTC,0.0268669,10486493.66,57694.55148,-0.066469218
2018-07-05 00:00:00 UTC,0.02871341,11207210.09,160044.0223,0.040187153
2018-07-04 00:00:00 UTC,0.027582378,10765754.07,9942.796796,-0.015104105
2018-07-03 00:00:00 UTC,0.028002148,10929595.37,11773.84114,0.060022909
2018-07-02 00:00:00 UTC,0.026370825,10292869.49,51691.49495,0.085820306
2018-07-01 00:00:00 UTC,0.024202066,9446374.964,6242.309333,0.059198811
2018-06-30 00:00:00 UTC,0.022810916,8903391.355,20732.97947,0.042788304
2018-06-29 00:00:00 UTC,0.021855462,8530465.665,9802.853044,-0.078300462
2018-06-28 00:00:00 UTC,0.023635536,9225251.145,15665.83892,-0.00878447
2018-06-27 00:00:00 UTC,0.023844076,9306647.073,5397.055185,-0.004271613
2018-06-26 00:00:00 UTC,0.023946147,9346486.492,5342.103076,-0.005427718
2018-06-25 00:00:00 UTC,0.024076473,9397354.508,16297.87057,-0.074316683
2018-06-24 00:00:00 UTC,0.025933922,10122340.35,5561.895267,0.04214362
2018-06-23 00:00:00 UTC,0.024863683,9704612.399,14808.77736,-0.116212808
2018-06-22 00:00:00 UTC,0.027927756,10900559.14,22598.64768,-0.068663449
2018-06-21 00:00:00 UTC,0.02991274,11675323.76,34440.36639,0.037483615
2018-06-20 00:00:00 UTC,0.028812256,11245790.93,3412.545648,0.014717742
2018-06-19 00:00:00 UTC,0.02839131,11081490.31,6548.831842,0.007655248
2018-06-18 00:00:00 UTC,0.028174797,10996982.63,6997.362616,-0.026353977
2018-06-17 00:00:00 UTC,0.028927186,11290649.51,28698.74256,0.069080821
2018-06-16 00:00:00 UTC,0.026996332,10537012.77,11860.76301,0.003728081
2018-06-15 00:00:00 UTC,0.026895875,10497803.07,30196.65141,0.03669257
2018-06-14 00:00:00 UTC,0.025926882,10119592.88,61573.4299,-0.105424169
2018-06-13 00:00:00 UTC,0.028809481,11244707.83,17164.09843,-0.056711036
2018-06-12 00:00:00 UTC,0.030490512,11900835.87,19411.87871,0.017069591
2018-06-11 00:00:00 UTC,0.029974469,11699417.42,17233.26356,-0.145390341
2018-06-10 00:00:00 UTC,0.034665201,13530269.88,5583.181826,-0.025215223
2018-06-09 00:00:00 UTC,0.035550405,13875776.36,7543.67651,-0.012236963
2018-06-08 00:00:00 UTC,0.035988106,14046616.88,14218.21568,-0.025679938
2018-06-07 00:00:00 UTC,0.036924247,14412004.62,7843.572623,0.002117579
2018-06-06 00:00:00 UTC,0.03684614,14381518.35,10294.14756,-0.017741699
2018-06-05 00:00:00 UTC,0.037505687,14638947.78,15739.46676,0.009401038
2018-06-04 00:00:00 UTC,0.037154746,14501971.35,9852.400268,0.006867712
2018-06-03 00:00:00 UTC,0.036900453,14402717.21,14163.15715,0.01401665
2018-06-02 00:00:00 UTC,0.03638684,14202247.59,15989.4303,-0.004861286
2018-06-01 00:00:00 UTC,0.036564157,14271456.87,10121.76101,0.015789381
2018-05-31 00:00:00 UTC,0.035991366,14047889.04,15731.71799,-0.006568025
2018-05-30 00:00:00 UTC,0.036228536,14140459.59,17059.7275,0.047624043
2018-05-29 00:00:00 UTC,0.034543626,13482817.81,25305.593,-0.06555485
2018-05-28 00:00:00 UTC,0.036884002,14396296.26,11209.21242,-0.0110957
2018-05-27 00:00:00 UTC,0.037295534,14556922.73,18228.053,-0.005253472
2018-05-26 00:00:00 UTC,0.037491981,14633598.35,34219.48588,0.003400799
2018-05-25 00:00:00 UTC,0.037364695,14583916.94,39214.38307,-0.018640651
2018-05-24 00:00:00 UTC,0.038067729,14858320.22,46525.73016,-0.082222514
2018-05-23 00:00:00 UTC,0.041330033,16131639.12,23352.55516,-0.065110026
2018-05-22 00:00:00 UTC,0.044110571,17216918.48,19320.54393,-0.018906165
2018-05-21 00:00:00 UTC,0.044952466,17545520.89,44601.6094,0.026937872
2018-05-20 00:00:00 UTC,0.043757707,17079191.06,15061.88425,-0.007588894
2018-05-19 00:00:00 UTC,0.044091043,17209296.28,47385.62461,0.046379816
2018-05-18 00:00:00 UTC,0.042092805,16429358.77,24613.12771,-0.041303639
2018-05-17 00:00:00 UTC,0.043867796,17122160.18,27122.84327,-0.05629545
2018-05-16 00:00:00 UTC,0.046408189,18113707.85,28052.53229,-0.020232888
2018-05-15 00:00:00 UTC,0.047356724,18483933.2,19802.2607,0.014845755
2018-05-14 00:00:00 UTC,0.04665887,18211552.12,13778.64088,0.031005907
2018-05-13 00:00:00 UTC,0.045234368,17655550.63,26996.53667,-0.018252234
2018-05-12 00:00:00 UTC,0.046067577,17980762.76,77628.89586,-0.125185281
2018-05-11 00:00:00 UTC,0.052211076,20378648.93,85487.44415,-0.049735327
2018-05-10 00:00:00 UTC,0.05487347,21417815.14,184467.4822,0.053546193
2018-05-09 00:00:00 UTC,0.052012486,20301136.43,137753.6826,0.028797073
2018-05-08 00:00:00 UTC,0.050536039,19724860.48,28528.46343,-0.035610388
2018-05-07 00:00:00 UTC,0.052368073,20439926.73,25941.8249,-0.039884475
2018-05-06 00:00:00 UTC,0.054498958,21271638.42,69759.48467,0.008237562
2018-05-05 00:00:00 UTC,0.054051864,21097131.72,77663.73533,0.002332058
2018-05-04 00:00:00 UTC,0.053925958,21047989.3,1603.056687,0.039948035
2018-05-03 00:00:00 UTC,0.051814184,20223736.74,114553.6649,0.006569448
2018-05-02 00:00:00 UTC,0.051474909,20091313.4,56705.34951,-0.009445972
2018-05-01 00:00:00 UTC,0.051963443,20281994.55,92002.19336,-0.043840615
2018-04-30 00:00:00 UTC,0.054292227,21190948.63,120102.8996,0.013001331
2018-04-29 00:00:00 UTC,0.053590925,20917221.36,167251.757,0.045965476
2018-04-28 00:00:00 UTC,0.051183349,19977513.82,190412.8774,-0.085340201
2018-04-27 00:00:00 UTC,0.055743146,21757260.82,64120.05708,0.074468699
2018-04-26 00:00:00 UTC,0.051742824,20195884.24,71451.79302,-0.196444076
2018-04-25 00:00:00 UTC,0.062974497,24579749.42,115884.2595,0.087405289
2018-04-24 00:00:00 UTC,0.057703888,22522563.32,187478.3886,0.041881001
2018-04-23 00:00:00 UTC,0.055337099,21598775.43,79645.27619,-0.001848828
2018-04-22 00:00:00 UTC,0.055439502,21638744.78,366530.2285,0.12360129
2018-04-21 00:00:00 UTC,0.048993669,19122853.87,121103.6973,-0.019099367
2018-04-20 00:00:00 UTC,0.04993841,19491598.47,69539.14956,0.006653104
2018-04-19 00:00:00 UTC,0.049607268,19362349.27,73992.1179,0.097602644
2018-04-18 00:00:00 UTC,0.04499425,17561829.65,37053.37846,-0.004755607
2018-04-17 00:00:00 UTC,0.045208735,17645545.71,33269.74753,-0.070165769
2018-04-16 00:00:00 UTC,0.048494776,18928129.57,68373.40034,0.048625491
2018-04-15 00:00:00 UTC,0.046193107,18029758.84,37237.43142,-0.042222297
2018-04-14 00:00:00 UTC,0.048185247,18807316.3,102690.0029,0.080691773
2018-04-13 00:00:00 UTC,0.044449829,17349335.16,67566.86021,0.140978108
2018-04-12 00:00:00 UTC,0.038605047,15068042.02,46908.29617,0.080338389
2018-04-11 00:00:00 UTC,0.035624892,13904849.85,21658.90979,0.028605537
2018-04-10 00:00:00 UTC,0.034620261,13512729.31,22500.44785,-0.035458253
2018-04-09 00:00:00 UTC,0.035869858,14000463.07,10299.17367,0.015440759
2018-04-08 00:00:00 UTC,0.035320254,13785945.71,24346.62989,0.055933364
2018-04-07 00:00:00 UTC,0.033398908,13036019.83,26530.2467,-0.068019266
2018-04-06 00:00:00 UTC,0.035749722,13953572.22,15184.8322,-0.010887761
2018-04-05 00:00:00 UTC,0.036141083,14106325.43,19909.85907,-0.033529108
2018-04-04 00:00:00 UTC,0.037373405,14587316.49,34087.746,0.062178826
2018-04-03 00:00:00 UTC,0.035120343,13707917.58,17451.91676,0.061584082
2018-04-02 00:00:00 UTC,0.033022741,12889196.89,6703.895046,0.018089201
2018-04-01 00:00:00 UTC,0.032430756,12658137.76,10020.84495,-0.014747102
2018-03-31 00:00:00 UTC,0.03291256,12846191.82,34070.86824,-0.062819786
2018-03-30 00:00:00 UTC,0.035046443,13679073.68,41728.42432,-0.206908375
2018-03-29 00:00:00 UTC,0.043102565,16823480.7,43006.75068,0.075361878
2018-03-28 00:00:00 UTC,0.039973655,15602227.51,35001.66197,-0.011767289
2018-03-27 00:00:00 UTC,0.040446815,15786907.89,24876.01574,0.014692696
2018-03-26 00:00:00 UTC,0.039856887,15556651.34,6589.125647,-0.060653232
2018-03-25 00:00:00 UTC,0.042349154,16529414.95,14356.74399,-0.034995182
2018-03-24 00:00:00 UTC,0.043857407,17118105.43,18068.85633,0.011360202
2018-03-23 00:00:00 UTC,0.043361998,16924740.7,6498.926648,-0.056941746
2018-03-22 00:00:00 UTC,0.045902757,17916431.35,13820.7038,0.015472732
2018-03-21 00:00:00 UTC,0.045197982,17641348.84,18947.49517,0.059576439
2018-03-20 00:00:00 UTC,0.04258389,16621035.19,69352.61704,0.0223741
2018-03-19 00:00:00 UTC,0.041641693,16253283.88,28738.72254,0.014571389
2018-03-18 00:00:00 UTC,0.041039315,16018168.1,23736.17665,-0.080627691
2018-03-17 00:00:00 UTC,0.044485274,17363169.63,20451.9656,-0.000677105
2018-03-16 00:00:00 UTC,0.044515405,17374930.3,26263.14114,0.006182728
2018-03-15 00:00:00 UTC,0.044241027,17267837.24,49924.60611,-0.091200451
2018-03-14 00:00:00 UTC,0.04846554,18916718.4,17292.88601,-0.205146245
2018-03-13 00:00:00 UTC,0.059501366,23224142.16,453880.7675,0.119830539
2018-03-12 00:00:00 UTC,0.052781922,20601457.14,24777.06263,0.078127166
2018-03-11 00:00:00 UTC,0.048815192,19053191.91,54388.487,-0.066596683
2018-03-10 00:00:00 UTC,0.052176816,20365276.64,47946.58552,-0.037891335
2018-03-09 00:00:00 UTC,0.054191799,21151750.34,26943.56205,-0.049895018
2018-03-08 00:00:00 UTC,0.056964292,22233889.48,89035.08017,-0.156695393
2018-03-07 00:00:00 UTC,0.066627673,26005630.46,87713.57012,-0.055139569
2018-03-06 00:00:00 UTC,0.070404668,27479839.84,97414.95062,0.075661062
2018-03-05 00:00:00 UTC,0.065274308,25477394.72,42910.06286,-0.008107447
2018-03-04 00:00:00 UTC,0.065805667,25684790.94,46416.73622,-0.000994965
2018-03-03 00:00:00 UTC,0.065871174,25710359.14,39695.93719,0.00424373
2018-03-02 00:00:00 UTC,0.065592227,25601482.51,63469.5062,0.053861158
2018-03-01 00:00:00 UTC,0.06215281,24259034.43,77611.8854,-0.097255231
2018-02-28 00:00:00 UTC,0.0685012,26736891.95,42784.72653,0.027842292
2018-02-27 00:00:00 UTC,0.066620276,26002743.21,60509.85371,0.088146955
2018-02-26 00:00:00 UTC,0.060999277,23808795.85,43565.37105,0.012942461
2018-02-25 00:00:00 UTC,0.060214883,23502636.94,26240.64687,-0.070876428
2018-02-24 00:00:00 UTC,0.064637581,25228872.01,36600.12119,0.020532096
2018-02-23 00:00:00 UTC,0.063323967,24716152.01,34999.88059,-0.000862412
2018-02-22 00:00:00 UTC,0.063378602,24737476.7,34878.81144,-0.190148876
2018-02-21 00:00:00 UTC,0.07665196,29918237.51,75386.79836,0.034951144
2018-02-20 00:00:00 UTC,0.074019164,28890623.64,97335.84111,0.070587658
2018-02-19 00:00:00 UTC,0.068974466,26921613.59,47990.35436,-0.054654167
2018-02-18 00:00:00 UTC,0.072849126,28433943.08,52878.7271,0.081161039
2018-02-17 00:00:00 UTC,0.067170187,26217380.56,36410.6618,-0.003516041
2018-02-16 00:00:00 UTC,0.067406776,26309724.19,83609.80082,0.024013962
2018-02-15 00:00:00 UTC,0.065807353,25685449.14,51122.3845,0.105945992
2018-02-14 00:00:00 UTC,0.059191952,23103373.78,23962.3766,-0.055293938
2018-02-13 00:00:00 UTC,0.062557087,24416828.72,65012.09533,0.087627516
2018-02-12 00:00:00 UTC,0.057308675,22368306.77,43407.47622,-0.083853812
2018-02-11 00:00:00 UTC,0.06232146,24324860.49,48823.11864,-0.015607564
2018-02-10 00:00:00 UTC,0.063301776,24707490.5,89020.14546,0.003412247
2018-02-09 00:00:00 UTC,0.063086143,24623326.11,114013.7415,0.095036173
2018-02-08 00:05:13 UTC,0.057366756,22390976.35,108531.6518,0.089022172
2018-02-07 00:00:00 UTC,0.052480559,20483831.42,101567.1381,0.118474617
2018-02-06 00:00:00 UTC,0.046617135,18195262.3,41319.99337,-0.252733252
2018-02-05 00:00:00 UTC,0.060021416,23427124.05,65945.06161,-0.091133734
2018-02-04 00:00:00 UTC,0.065748389,25662434.57,120066.6904,0.044397999
2018-02-03 00:00:00 UTC,0.062893144,24547996.29,82634.14348,-0.032530559
2018-02-02 00:00:00 UTC,0.064972735,25359687.14,105243.6859,-0.16685848
2018-02-01 00:00:00 UTC,0.076770942,29964677.55,97491.43632,-0.020944648
2018-01-31 00:00:00 UTC,0.078395839,30598895.73,246868.1607,-0.151320329
2018-01-30 00:05:15 UTC,0.091203309,35597814.67,286953.6592,-0.010488105
2018-01-29 00:00:00 UTC,0.092164893,35973133.03,288896.1922,-0.086198339
2018-01-28 00:00:00 UTC,0.100461807,39211524.43,167661.5354,-0.015131946
2018-01-27 00:00:00 UTC,0.101993549,39809383.07,147901.738,0.066326597
2018-01-26 00:00:00 UTC,0.095448131,37254622.93,96742.97907,-0.015408234
2018-01-25 00:00:00 UTC,0.096930207,37833096.07,113037.4724,-0.017259297
2018-01-24 00:00:00 UTC,0.098617675,38491736.22,143810.6672,0.026490527
2018-01-23 00:00:00 UTC,0.09603954,37485457.1,129126.9181,0.010889985
2018-01-22 00:00:00 UTC,0.094999345,37079455.74,191451.9133,-0.069867733
2018-01-21 00:00:00 UTC,0.101874099,39762759.98,460157.3673,-0.149274787
2018-01-20 00:00:00 UTC,0.118275011,46164245.06,544838.8317,0.098858019
2018-01-19 00:00:00 UTC,0.10714194,41818865.38,349851.4865,0.009929037
2018-01-18 00:00:00 UTC,0.106083387,41405698.88,808500.9029,0.011376687
2018-01-17 00:00:00 UTC,0.104883349,40937308.63,364614.2883,0.085543087
2018-01-16 00:00:00 UTC,0.096284339,37581005.56,1008175.252,-0.440779824
2018-01-15 00:00:00 UTC,0.149618019,58397820.91,1099305.63,-0.169183648
2018-01-14 00:00:00 UTC,0.177198249,69162736.21,1451200.747,0.002595794
2018-01-13 00:00:00 UTC,0.176738875,68983436.81,447218.5087,-0.027066191
2018-01-12 00:00:00 UTC,0.181587849,70876053.07,821017.9869,0.067912768
2018-01-11 00:00:00 UTC,0.169665149,66222471.39,620174.6833,-0.142896768
2018-01-10 00:00:00 UTC,0.195727532,76394951.97,1453054.678,-0.090317479
2018-01-09 00:00:00 UTC,0.214228035,83615933.94,2723173.35,0.204605493
2018-01-08 00:00:00 UTC,0.174589156,68144374.31,815698.5306,-0.056866786
2018-01-07 00:00:00 UTC,0.184805205,72131828.22,869000.3109,-0.06093634
2018-01-06 00:00:00 UTC,0.196416747,76663961.28,1901081.284,0.208892376
2018-01-05 00:00:00 UTC,0.159388766,62211468.02,941857.1846,-0.05660626
2018-01-04 00:00:00 UTC,0.168671417,65834605.26,2290773.386,0.027769546
2018-01-03 00:00:00 UTC,0.164051926,64031558.9,1799109.96,0.151391496
2018-01-02 00:00:00 UTC,0.141004458,55035838.05,1410810.559,-0.046550326
2018-01-01 00:00:00 UTC,0.147723433,57658339.87,1360620.975,-0.017406893
2017-12-31 00:00:00 UTC,0.15031735,58670778.55,3267396.992,0.278570768
2017-12-30 00:00:00 UTC,0.113769896,44405841.45,490115.3078,-0.159407326
2017-12-29 00:00:00 UTC,0.133431106,52079862.15,1638400.655,0.173435517
2017-12-28 00:00:00 UTC,0.112185053,43787256.79,695681.5538,0.047999976
2017-12-27 00:00:00 UTC,0.106927367,41735114.89,533354.0921,-0.045670834
2017-12-26 00:00:00 UTC,0.111924062,43685388.71,1154932.157,-0.035269106
2017-12-25 00:00:00 UTC,0.115941961,45253625.93,1256369.038,0.021564916
2017-12-24 00:00:00 UTC,0.113468449,44288182.54,1867515.89,0.125869517
2017-12-23 00:00:00 UTC,0.100048523,39050214.33,833096.373,0.12204614
2017-12-22 00:00:00 UTC,0.088553701,34563638.72,889151.2659,-0.200883729
2017-12-21 00:00:00 UTC,0.108255361,42253447.79,1440803.75,0.041465133
2017-12-20 00:00:00 UTC,0.103858329,40537230.44,1462773.939,0.119292503
2017-12-19 00:00:00 UTC,0.092179268,35978743.98,828398.2392,-0.009531476
2017-12-18 00:00:00 UTC,0.093062073,36323314.02,846449.7459,0.072744101
2017-12-17 00:00:00 UTC,0.086532721,33774824.7,406869.6018,0.05526732
2017-12-16 00:00:00 UTC,0.081880044,31958825.57,301606.1459,0.012819116
2017-12-15 00:00:00 UTC,0.080837114,31551756.4,788454.312,0.103365914
2017-12-14 00:00:00 UTC,0.072898661,28453277.15,271191.0025,0.03659948
2017-12-13 00:00:00 UTC,0.070278843,27430728.52,426096.3392,0.009248621
2017-12-12 00:00:00 UTC,0.069631857,27178201.68,354190.575,0.036974574
2017-12-11 00:00:00 UTC,0.067104265,26191650.29,564515.9586,-0.031111646
2017-12-10 00:00:00 UTC,0.069224805,27019324.04,231721.5247,-0.086556389
2017-12-09 00:00:00 UTC,0.075483617,29462218.23,170547.1259,-0.057192705
2017-12-08 00:00:00 UTC,0.07992657,31196359.63,551650.2354,-0.087529092
2017-12-07 00:00:00 UTC,0.087237775,34050015.95,2224104.556,0.133694481
2017-12-06 00:00:00 UTC,0.076320605,29788905.33,10042.8273,0.145027462
2017-12-05 00:00:00 UTC,0.066017211,25767359.56,499232.7133,0.039783294
2017-12-04 00:00:00 UTC,0.063442386,24762372.51,226411.1212,0.097255669
2017-12-03 00:00:00 UTC,0.0575628,22467494.93,211281.2641,0.055451615
2017-12-02 00:00:00 UTC,0.054457736,21255548.77,105364.9797,-0.010575506
2017-12-01 00:00:00 UTC,0.05503671,21481529.78,105892.4744,0.012329393
2017-11-30 00:00:00 UTC,0.054362307,21218301.62,129104.9643,0.156982933
2017-11-29 00:00:00 UTC,0.046464477,18135678.03,330664.1597,-0.211853467
2017-11-28 00:00:00 UTC,0.057428549,22415095.25,444590.1265,0.076687163
2017-11-27 00:00:00 UTC,0.053189148,20760402.86,162111.5705,0.038983412
2017-11-26 00:00:00 UTC,0.05115555,19966663.38,240652.2573,0.11493266
2017-11-25 00:00:00 UTC,0.045601396,17798806.27,131243.0953,0.028155684
2017-11-24 00:00:00 UTC,0.044335364,17304657.88,101182.2537,0.003697509
2017-11-23 00:00:00 UTC,0.044171736,17240791.9,188767.0241,0.011714432
2017-11-22 00:00:00 UTC,0.043657308,17040004.18,161933.6962,0.115245069
2017-11-21 00:00:00 UTC,0.038905111,15185160.94,40202.29279,-0.01732102
2017-11-20 00:00:00 UTC,0.039584857,15450474.54,75634.1059,-0.010427255
2017-11-19 00:00:00 UTC,0.039999778,15612423.45,33424.37977,-0.040677712
2017-11-18 00:00:00 UTC,0.041660424,16260594.8,47285.80608,0.038876863
2017-11-17 00:00:00 UTC,0.040071876,15640564.39,60576.04927,-0.008542994
2017-11-16 00:00:00 UTC,0.040415677,15774754,54680.3154,0.036842525
2017-11-15 00:00:00 UTC,0.038953757,15204148.06,44147.53357,0.025793645
2017-11-14 00:00:00 UTC,0.037961845,14816992.21,24290.97068,0.063102471
2017-11-13 00:00:00 UTC,0.035640374,13910892.6,41918.37158,0.059482863
2017-11-12 00:00:00 UTC,0.033582203,13107561.93,53850.35784,-0.128289605
2017-11-11 00:00:00 UTC,0.038179008,14901753.88,91555.14129,-0.047470109
2017-11-10 00:00:00 UTC,0.040035075,15626200.5,93656.48294,-0.078609976
2017-11-09 00:00:00 UTC,0.043309237,16904147.42,168491.6503,0.002866291
2017-11-08 00:00:00 UTC,0.043185278,16855764.58,539603.9206,0.091457301
2017-11-07 00:00:00 UTC,0.039410896,15382575.51,104384.2478,0.046952675
2017-11-06 00:00:00 UTC,0.037603219,14677016.01,132433.8399,-0.034133199
2017-11-05 00:00:00 UTC,0.038908894,15186637.55,256186.6121,0.101947072
2017-11-04 00:00:00 UTC,0.035137741,13714708.37,75093.36551,0.028503704
2017-11-03 00:00:00 UTC,0.034150324,13329307.16,131446.3063,-0.044772572
2017-11-02 00:00:00 UTC,0.035714068,13939656.01,146749.899,-0.011624152
2017-11-01 00:00:00 UTC,0.036131636,14102638.13,215159.9815,-0.096564729
2017-10-31 00:00:00 UTC,0.039794692,15532375.85,522677.9991,0.004461258
2017-10-30 00:00:00 UTC,0.039617553,15463236.25,284828.1561,0.035570071
2017-10-29 00:00:00 UTC,0.038233122,14922875.16,734000.9342,0.081223373
2017-10-28 00:00:00 UTC,0.035250469,13758707.66,28444.26278,-0.011193057
2017-10-27 00:00:00 UTC,0.035647246,13913574.75,45626.16178,0.010101335
2017-10-26 00:00:00 UTC,0.035288974,13773736.53,44003.44729,0.012322748
2017-10-25 00:00:00 UTC,0.034856785,13605047.74,56080.50499,-0.007642898
2017-10-24 00:00:00 UTC,0.035124213,13709428.1,180856.6667,0.104882943
2017-10-23 00:00:00 UTC,0.031626892,12344379.22,53272.17048,-0.096182677
2017-10-22 00:00:00 UTC,0.034819948,13590669.79,28558.31275,0.020917706
2017-10-21 00:00:00 UTC,0.03409916,13309336.84,109124.9888,0.015544939
2017-10-20 00:00:00 UTC,0.033573189,13104043.78,54076.72172,-0.010878642
2017-10-19 00:00:00 UTC,0.033940413,13247376.2,121050.1912,-0.003142722
2017-10-18 00:00:00 UTC,0.034047246,13289074.51,57693.05674,0.039031963
2017-10-17 00:00:00 UTC,0.032743917,12780368.32,49545.31233,-0.040123345
2017-10-16 00:00:00 UTC,0.034084425,13303585.87,102727.8349,0.057503113
2017-10-15 00:00:00 UTC,0.032179752,12560167.54,117646.28,-0.080369117
2017-10-14 00:00:00 UTC,0.034872779,13611290.3,273531.183,-0.078383397
2017-10-13 00:00:00 UTC,0.037716209,14721117.31,627972.1162,0.224995077
2017-10-12 00:00:00 UTC,0.030117153,11755108.8,263143.0559,0.048961407
2017-10-11 00:00:00 UTC,0.028678091,11193424.76,55435.87803,0.053107569
2017-10-10 00:00:00 UTC,0.027194803,10614478.47,226220.6244,-0.017961784
2017-10-09 00:00:00 UTC,0.027687684,10806855.98,115817.8713,-0.032129437
2017-10-08 00:00:00 UTC,0.028591719,11159712.37,112489.8345,-0.092235573
2017-10-07 00:00:00 UTC,0.03135434,12237998.67,107289.4746,0.013899031
2017-10-06 00:00:00 UTC,0.030921559,12069078.98,57138.92295,-0.029734988
2017-10-05 00:00:00 UTC,0.031854818,12433341.73,34438.85002,-0.029052276
2017-10-04 00:00:00 UTC,0.032793847,12799856.88,80436.04917,-0.001470729
2017-10-03 00:00:00 UTC,0.032842114,12818695.85,77979.78365,-0.039812013
2017-10-02 00:00:00 UTC,0.034176001,13339328.9,36206.03445,-0.037296174
2017-10-01 00:00:00 UTC,0.035474702,13846228.79,99588.78786,-0.035599073
2017-09-30 00:00:00 UTC,0.036760317,14348020.37,96214.30432,0.010145776
2017-09-29 00:00:00 UTC,0.03638924,14203184.55,207948.1285,0.03413798
2017-09-28 00:00:00 UTC,0.03516795,13726499.35,92079.79592,0.019662909
2017-09-27 00:00:00 UTC,0.0344832,13459232.67,115186.8024,0.010507989
2017-09-26 00:00:00 UTC,0.034122748,13318543.68,210634.2688,0.069039407
2017-09-25 00:00:00 UTC,0.031846416,12430062.32,77545.85005,0.038503578
2017-09-24 00:00:00 UTC,0.030643522,11960557.26,65383.99234,-0.018892403
2017-09-23 00:00:00 UTC,0.031227955,12188668.93,103359.1799,0.020729848
2017-09-22 00:00:00 UTC,0.030587267,11938600.56,235771.6241,-0.013984231
2017-09-21 00:00:00 UTC,0.031018012,12106725.52,726877.276,-0.187954755
2017-09-20 00:00:00 UTC,0.037431882,14610141.07,1109258.544,0.172929627
2017-09-19 00:00:00 UTC,0.03148758,12290004.06,109992.8269,0.004650585
2017-09-18 00:00:00 UTC,0.031341484,12232981.04,88391.14004,0.095119098
2017-09-17 00:00:00 UTC,0.028497703,11123017.06,149372.4023,-0.071656024
2017-09-16 00:00:00 UTC,0.030614677,11949298.74,447490.0233,0.14041045
2017-09-15 00:00:00 UTC,0.026604199,10383958.3,181349.199,0.14107372
2017-09-14 00:00:00 UTC,0.02310376,9017691.986,266096.7243,-0.291827646
2017-09-13 00:00:00 UTC,0.030932982,12073537.45,723254.723,-0.035364216
2017-09-12 00:00:00 UTC,0.032046476,12508148.17,62709.98806,-0.026678452
2017-09-11 00:00:00 UTC,0.032912933,12846337.32,39585.07539,0.014300339
2017-09-10 00:00:00 UTC,0.032445616,12663937.64,48737.34595,-0.029801809
2017-09-09 00:00:00 UTC,0.033427106,13047025.9,45220.37679,5.06E-05
2017-09-08 00:00:00 UTC,0.033425415,13046365.64,72042.272,-0.098526645
2017-09-07 00:00:00 UTC,0.036886409,14397236.02,70312.56292,-0.043568225
2017-09-06 00:00:00 UTC,0.038529008,15038363.01,107671.1225,-0.001771136
2017-09-05 00:00:00 UTC,0.038597308,15065021.59,113866.1644,0.090319622
2017-09-04 00:00:00 UTC,0.035264011,13763993.06,150064.2979,-0.162125102
2017-09-03 00:00:00 UTC,0.041470736,16186557.04,59067.27724,0.035366645
2017-09-02 00:00:00 UTC,0.040029688,15624097.61,126169.2331,-0.10319957
2017-09-01 00:00:00 UTC,0.044381421,17322634.7,175955.7843,0.045194776
2017-08-31 00:00:00 UTC,0.042420264,16557169.89,158872.4834,0.045463905
2017-08-30 00:00:00 UTC,0.040534857,15821271.46,78442.70134,0.045444517
2017-08-29 00:00:00 UTC,0.038733999,15118373.8,286708.8081,0.005149208
2017-08-28 00:00:00 UTC,0.038535062,15040726.24,111535.5313,0.053185494
2017-08-27 00:00:00 UTC,0.036539104,14261678.45,84782.24863,-0.034259805
2017-08-26 00:00:00 UTC,0.037812618,14758746.88,211568.4786,0.038989145
2017-08-25 00:00:00 UTC,0.036366707,14194389.35,199897.0802,-0.075666642
2017-08-24 00:00:00 UTC,0.039225237,15310110.28,805643.2882,-0.015506224
2017-08-23 00:00:00 UTC,0.039838213,15549362.43,2255636.301,0.209296267
2017-08-22 00:00:00 UTC,0.032314961,12612941.25,54092.1599,0.001969754
2017-08-21 00:00:00 UTC,0.032251371,12588121.3,424925.028,-0.107236557
2017-08-20 00:00:00 UTC,0.035902147,14013065.89,374021.2646,0.228341365
2017-08-19 00:00:00 UTC,0.027255932,10638337.81,48701.02831,-0.044478184
2017-08-19 00:00:00 UTC,0.028572815,11152334.05,74954.90277,0.047184557
2017-08-18 00:00:00 UTC,0.028495591,11122192.48,78792.0221,-0.04973641
2017-08-17 00:00:00 UTC,0.029948696,11689357.88,54922.41317,-0.003103515
2017-08-16 00:00:00 UTC,0.030041786,11725692.33,55192.77775,-0.025862372
2017-08-15 00:00:00 UTC,0.030828872,12032902,183307.4456,0.011797067
2017-08-14 00:00:00 UTC,0.030467319,11891783.08,138906.4094,-0.068390428
2017-08-13 00:00:00 UTC,0.032623896,12733522.61,123442.9489,0.0294919
2017-08-12 00:00:00 UTC,0.031675804,12363470.43,90976.04272,-0.031654586
2017-08-11 00:00:00 UTC,0.032694527,12761091.03,104701.7648,-0.029668389
2017-08-10 00:00:00 UTC,0.033679054,13145364.23,77199.54508,-0.041851621
2017-08-09 00:00:00 UTC,0.035118488,13707193.77,81097.73939,-0.01949181
2017-08-08 00:00:00 UTC,0.035809726,13976992.68,96782.54266,-0.004669826
2017-08-07 00:00:00 UTC,0.035977342,14042415.43,144966.9543,-0.025969468
2017-08-06 00:00:00 UTC,0.036923892,14411865.94,55430.18502,0.000838937
2017-08-05 00:00:00 UTC,0.036892928,14399780.37,85705.92816,0.044714818
2017-08-04 00:00:00 UTC,0.035279606,13770080.19,119231.2264,0.062834013
2017-08-03 00:00:00 UTC,0.033131055,12931473.2,104249.8733,0.019167566
2017-08-02 00:00:00 UTC,0.03250206,12685968.71,120077.9056,0.057049335
2017-08-01 00:00:00 UTC,0.030699739,11982499.63,171751.6548,0.037721609
2017-07-31 00:00:00 UTC,0.029563265,11538919.34,112535.2561,0.047934308
2017-07-30 00:00:00 UTC,0.028179598,10998856.41,124369.8387,-0.131179889
2017-07-29 00:00:00 UTC,0.032129613,12540597.64,145433.7151,0.031932452
2017-07-28 00:00:00 UTC,0.031119844,12146471.8,98302.75936,-0.103077169
2017-07-27 00:00:00 UTC,0.034498741,13465298.71,142297.3466,0.10209495
2017-07-26 00:00:00 UTC,0.031150425,12158408.16,44988.70382,-0.024336924
2017-07-25 00:00:00 UTC,0.031917831,12457936.43,62471.43659,-0.20120938
2017-07-24 00:00:00 UTC,0.039031702,15234571.17,49211.79297,0.018305409
2017-07-23 00:00:00 UTC,0.038323711,14958233.06,90172.94811,-0.037999085
2017-07-22 00:00:00 UTC,0.039807999,15537569.66,122786.1665,0.09114591
2017-07-21 00:00:00 UTC,0.036340105,14184006.54,75035.33728,-0.046811855
2017-07-20 00:00:00 UTC,0.038081699,14863772.62,118400.7025,0.149499109
2017-07-19 00:00:00 UTC,0.032793644,12799777.35,150034.699,-0.022465536
2017-07-18 00:00:00 UTC,0.033538708,13090585.56,136085.3623,0.092393839
2017-07-17 00:00:00 UTC,0.030578783,11935288.99,77964.50006,0.229599011
2017-07-16 00:00:00 UTC,0.024305615,9486791.493,98752.12175,-0.133234122
2017-07-15 00:00:00 UTC,0.027769589,10838824.88,101623.1757,-0.013220802
2017-07-14 00:00:00 UTC,0.028139163,10983074.28,124593.1048,-0.075402026
2017-07-13 00:00:00 UTC,0.030342954,11843242.02,178368.2267,-0.121637728
2017-07-12 00:00:00 UTC,0.034267661,13375104.95,287509.0944,0.262451852
2017-07-11 00:00:00 UTC,0.02635743,10287641.16,223372.1127,-0.035326452
2017-07-10 00:00:00 UTC,0.027305187,10657562.55,331917.4383,-0.369596167
2017-07-09 00:00:00 UTC,0.039514703,15423092.6,108204.1084,-0.109231831
2017-07-08 00:00:00 UTC,0.044075526,17203239.97,191280.3941,-0.003214819
2017-07-07 00:00:00 UTC,0.044217449,17258634.26,196973.596,-0.216235915
2017-07-06 00:00:00 UTC,0.054891329,21424785.87,119094.671,-0.035191809
2017-07-05 00:00:00 UTC,0.056857447,22192186.76,223897.863,-0.062445803
2017-07-04 00:00:00 UTC,0.060521157,23622179.56,164009.7354,0.009129154
2017-07-03 00:00:00 UTC,0.059971165,23407510.41,280401.2013,0.058160559
2017-07-02 00:00:00 UTC,0.056582701,22084949.74,303701.4603,-0.027056568
2017-07-01 00:00:00 UTC,0.058134534,22690649.83,972617.0519,-0.126531342
2017-06-30 00:00:00 UTC,0.065976011,25751278.6,1181159.567,0.086090836
2017-06-29 00:00:00 UTC,0.060533708,23627078.4,309219.6877,-0.08669876
2017-06-28 00:00:00 UTC,0.066016132,25766938.17,405144.0631,0.077240621
2017-06-27 00:00:00 UTC,0.061108961,23851606.72,465233.6159,-0.100973765
2017-06-26 00:00:00 UTC,0.067601642,26385783.13,725639.1666,-0.130127193
2017-06-25 00:00:00 UTC,0.076996462,30052700.99,662975.6298,-0.035137414
2017-06-24 00:00:00 UTC,0.079750011,31127446.51,447156.4289,-0.096083385
2017-06-23 00:00:00 UTC,0.087792868,34266676.1,791306.016,0.059364734
2017-06-22 00:00:00 UTC,0.08273275,32291647.52,590612.6838,-0.000808805
2017-06-21 00:00:00 UTC,0.082799692,32317775.73,808197.4549,-0.087562135
2017-06-20 00:00:00 UTC,0.090376699,35275178.09,1453356.827,-0.035900501
2017-06-19 00:00:00 UTC,0.093680212,36564581.27,1532614.901,0.169631935
2017-06-18 00:00:00 UTC,0.079063794,30859607,530902.9783,-0.016079891
2017-06-17 00:00:00 UTC,0.080345407,31359837.16,591381.226,0.011699204
2017-06-16 00:00:00 UTC,0.079410907,30995089.8,1328575.331,0.065992265
2017-06-15 00:00:00 UTC,0.074339576,29015684.63,747444.3532,-0.01954378
2017-06-14 00:00:00 UTC,0.075806743,29588338.47,1636877.565,-0.125277808
2017-06-13 00:00:00 UTC,0.08592416,33537295.59,1623207.114,0.014086555
2017-06-12 00:00:00 UTC,0.08472227,33068182.49,3216009.125,-0.27468074
2017-06-11 00:00:00 UTC,0.111503863,43521379.77,10744334.08,0.318815076
2017-06-10 00:00:00 UTC,0.081064421,31640477.37,2363359.498,0.212689603
2017-06-09 00:00:00 UTC,0.065533048,25578384.2,660614.7458,0.003926762
2017-06-08 00:00:00 UTC,0.065276219,25478140.92,1140873.051,0.03523631
2017-06-07 00:00:00 UTC,0.063016178,24596017.88,1679874.564,0.079316353
2017-06-06 00:00:00 UTC,0.058211046,22720513.67,1463462.77,-0.011859904
2017-06-05 00:00:00 UTC,0.058905534,22991581.02,2288468.543,0.334010349
2017-06-04 00:00:00 UTC,0.042179094,16463038.18,391161.6573,-0.026296394
2017-06-03 00:00:00 UTC,0.043302964,16901699.03,815525.3087,0.11007818
2017-06-02 00:00:00 UTC,0.038789241,15139935.25,218562.895,0.05772698
2017-06-01 00:00:00 UTC,0.03661346,14290700.21,187460.4539,0.034713556
2017-05-31 00:00:00 UTC,0.035364283,13803130.79,232230.0328,0.068844941
2017-05-30 00:00:00 UTC,0.033011548,12884827.99,273655.7937,-0.146358812
2017-05-29 00:00:00 UTC,0.038214546,14915624.77,878790.0576,0.188212987
2017-05-28 00:00:00 UTC,0.031658392,12356673.96,241526.6684,0.181988849
2017-05-27 00:00:00 UTC,0.026390772,10300654.84,120793.9316,-0.127283489
2017-05-26 00:00:00 UTC,0.029973027,11698854.83,164281.398,-0.137063009
2017-05-25 00:00:00 UTC,0.034376077,13417421.41,376867.4133,-0.132811354
2017-05-24 00:00:00 UTC,0.039258668,15323158.67,344732.9081,0.050047125
2017-05-23 00:00:00 UTC,0.03734224,14575152.53,306446.0901,0.088603702
2017-05-22 00:00:00 UTC,0.034175924,13339299.07,468568.861,-0.107174689
2017-05-21 00:00:00 UTC,0.038042202,14848356.48,550985.8975,0.043859862
2017-05-20 00:00:00 UTC,0.036409738,14211184.89,491297.815,0.061852478
2017-05-19 00:00:00 UTC,0.034225938,13358820.05,385789.3562,0.067926994
2017-05-18 00:00:00 UTC,0.031978275,12481528.74,864711.5207,0.059896176
2017-05-17 00:00:00 UTC,0.030119133,11755881.57,465553.5959,0.142806965
2017-05-16 00:00:00 UTC,0.026110921,10191241.65,397633.634,-0.036546604
2017-05-15 00:00:00 UTC,0.027082838,10569855.71,378444.0657,-0.136752661
2017-05-14 00:00:00 UTC,0.03105168,12117728.95,1024028.171,0.040489658
2017-05-13 00:00:00 UTC,0.029819521,11635843.75,782972.158,-0.210901933
2017-05-12 00:00:00 UTC,0.036820884,14365639.6,4714293.157,0.020571623
2017-05-11 00:00:00 UTC,0.036071157,14071718.72,8029528.161,-0.068608727
2017-05-10 00:00:00 UTC,0.038632824,15069061.63,6273301.881,0.773052166
2017-05-09 00:00:00 UTC,0.01783299,6955019.183,59143.4758,-0.060681764
2017-05-08 00:00:00 UTC,0.018948635,7389180.304,77109.34379,0.043966532
2017-05-07 00:00:00 UTC,0.018133578,7070816.879,141707.5696,0.045418783
2017-05-06 00:00:00 UTC,0.017328396,6755888.127,229708.5449,0.164241048
2017-05-05 00:00:00 UTC,0.014703793,5731849.625,60608.65157,-0.021515926
2017-05-04 00:00:00 UTC,0.015023587,5856082.876,57263.42628,0.018537694
2017-05-03 00:00:00 UTC,0.01474765,5748085.103,32724.56099,0.126517892
2017-05-02 00:00:00 UTC,0.012995015,5064632.04,27492.53942,-0.025532429
2017-05-01 00:00:00 UTC,0.013331082,5195205.833,56382.2208,-0.013960654
2017-04-30 00:00:00 UTC,0.013518498,5267817.811,40732.77568,-0.090497586
2017-04-29 00:00:00 UTC,0.014798954,5766269.417,51761.85927,0.029809548
2017-04-28 00:00:00 UTC,0.014364315,5596310.53,48250.92159,0.139508708
2017-04-27 00:00:00 UTC,0.012493872,4867176.396,11450.40306,0.04138729
2017-04-26 00:00:00 UTC,0.011987339,4669425.594,11511.21846,-0.021218545
2017-04-25 00:00:00 UTC,0.01224441,4769237.14,13293.80779,0.012725822
2017-04-24 00:00:00 UTC,0.012089577,4708554.91,12267.21421,-0.031031018
2017-04-23 00:00:00 UTC,0.012470611,4856617.285,19298.42684,-0.031648687
2017-04-22 00:00:00 UTC,0.012871601,5012298.559,12541.42171,-0.008425893
2017-04-21 00:00:00 UTC,0.012980514,5053468.047,22026.63224,-0.045440728
2017-04-20 00:00:00 UTC,0.013583965,5287953.996,57285.87263,-0.09615327
2017-04-19 00:00:00 UTC,0.014954964,5821187.55,96045.77114,-0.067071148
2017-04-18 00:00:00 UTC,0.015992413,6224497.303,44835.82357,-0.013164545
2017-04-17 00:00:00 UTC,0.016204338,6306475.025,133516.0001,0.121930554
2017-04-16 00:00:00 UTC,0.01434424,5581946.56,111611.7497,-0.029222266
2017-04-15 00:00:00 UTC,0.014769595,5747083.199,128431.8062,0.239053602
2017-04-14 00:00:00 UTC,0.011629176,4524740.568,16900.43825,0.008333306
2017-04-13 00:00:00 UTC,0.011532669,4486867.055,15039.2272,-0.048686209
2017-04-12 00:00:00 UTC,0.012108044,4710329.19,17792.69246,0.018541542
2017-04-11 00:00:00 UTC,0.01188561,4623494.571,24832.46065,-0.024746277
2017-04-10 00:00:00 UTC,0.012183405,4738987.524,22361.23899,0.012108291
2017-04-09 00:00:00 UTC,0.012036774,4681020.507,34552.7096,0.004397945
2017-04-08 00:00:00 UTC,0.011983953,4660410.157,34507.11277,-0.012348738
2017-04-07 00:00:00 UTC,0.012132857,4717761.327,18272.03126,0.041219518
2017-04-06 00:00:00 UTC,0.011642914,4526836.318,28181.81086,-0.055302616
2017-04-05 00:00:00 UTC,0.012304934,4783446.256,41956.78636,0.195887851
2017-04-04 00:00:00 UTC,0.010115941,3932139.858,60668.33366,-0.043565606
2017-04-03 00:00:00 UTC,0.010566389,4106586.354,87494.99302,0.069084898
2017-04-02 00:00:00 UTC,0.009861055,,13906.93131,0.075260511
2017-04-01 00:00:00 UTC,0.009146147,3553748.024,10299.91478,0.109552888
2017-03-31 00:00:00 UTC,0.008197095,3184797.962,13779.11681,-0.043131238
2017-03-30 00:00:00 UTC,0.008558381,3324971.919,10682.3868,0.045250726
2017-03-29 00:00:00 UTC,0.00817974,3177710.327,23338.51178,-0.214293067
2017-03-28 00:00:00 UTC,0.01013458,3936957.141,69324.70666,0.357760615
2017-03-27 00:00:00 UTC,0.007086509,2752273.544,58946.99584,0.259706999
2017-03-26 00:00:00 UTC,0.005465665,2122692.544,7719.07238,-0.03026408
2017-03-25 00:00:00 UTC,0.005633607,2187725.591,9610.450671,0.146461912
2017-03-24 00:00:00 UTC,0.004866076,1889558.186,12573.41705,-0.221701166
2017-03-23 00:00:00 UTC,0.006073828,2358411.346,8317.575166,-0.10694523
2017-03-22 00:00:00 UTC,0.006759401,2624405.309,12356.31282,-0.026614093
2017-03-21 00:00:00 UTC,0.006941712,2694984.913,23560.74768,0.168190951
2017-03-20 00:00:00 UTC,0.005867082,2277548.343,4678.054571,0.062896157
2017-03-19 00:00:00 UTC,0.005509431,2138463.653,3330.659691,0.040493552
2017-03-18 00:00:00 UTC,0.005290791,2053438.836,5457.837083,-0.103750235
2017-03-17 00:00:00 UTC,0.005869198,2277549.208,6111.100831,-0.057931592
2017-03-16 00:00:00 UTC,0.006219252,2412769.818,6104.788517,0.062362404
2017-03-15 00:00:00 UTC,0.00584325,2266782.275,4516.324233,-0.036626849
2017-03-14 00:00:00 UTC,0.006061238,2351162.24,8435.372302,0.078195136
2017-03-13 00:00:00 UTC,0.005605335,2174171.181,6698.425574,-0.024196668
2017-03-12 00:00:00 UTC,0.00574262,2227218.473,3339.322726,0.048832907
2017-03-11 00:00:00 UTC,0.005468928,2120900.552,1454.579688,0.075163797
2017-03-10 00:00:00 UTC,0.005072932,1967195.275,4706.582085,-0.109818649
2017-03-09 00:00:00 UTC,0.005661775,2195324.556,7258.663226,0.051384118
2017-03-08 00:00:00 UTC,0.005378198,2085207.196,1509.536148,-0.020853821
2017-03-07 00:00:00 UTC,0.005491532,2128933.725,554.720085,-0.003790933
2017-03-06 00:00:00 UTC,0.005512389,2136549.723,1283.503427,0.014202093
2017-03-05 00:00:00 UTC,0.005434655,2106215.221,2640.351755,0.0157447
2017-03-04 00:00:00 UTC,0.005349758,2073144.672,2046.001901,-0.001217701
2017-03-03 00:00:00 UTC,0.005356277,2075452.54,3758.313364,-0.035682085
2017-03-02 00:00:00 UTC,0.00555085,2150643.397,4939.016732,-0.099367822
2017-03-01 00:00:00 UTC,0.006130761,2375069.923,1826.237866,-0.024231085
2017-02-28 00:00:00 UTC,0.006281131,2433071.518,1886.727667,-0.024261109
2017-02-27 00:00:00 UTC,0.006435382,2492480.121,2192.888645,0.051671868
2017-02-26 00:00:00 UTC,0.006111299,2366717.944,648.7940453,0.023814383
2017-02-25 00:00:00 UTC,0.005967481,2310713.386,7477.765712,-0.033797609
2017-02-24 00:00:00 UTC,0.006172615,2389838.651,2665.916444,-0.01336776
2017-02-23 00:00:00 UTC,0.006255683,2420145.964,2590.624179,0.043799998
2017-02-22 00:00:00 UTC,0.005987598,2316431.504,2397.642435,-0.080831533
2017-02-21 00:00:00 UTC,0.006491683,2511447.774,1794.014899,0.005602379
2017-02-20 00:00:00 UTC,0.006455416,2497417.03,7119.320997,-0.022619932
2017-02-19 00:00:00 UTC,0.006603101,2554198.134,950.6406712,-0.046218091
2017-02-18 00:00:00 UTC,0.006915446,2674442.785,3379.519148,-0.069260424
2017-02-17 00:00:00 UTC,0.007411389,2865197.011,5324.010192,0.007406338
2017-02-16 00:00:00 UTC,0.007356701,2842814.451,3465.643612,-0.005650607
2017-02-15 00:00:00 UTC,0.007398388,2857157.42,1649.997957,0.027724208
2017-02-14 00:00:00 UTC,0.007196091,2778794.264,714.1046089,0.008727708
2017-02-13 00:00:00 UTC,0.007133559,2754452.518,2143.658945,-0.000282052
2017-02-12 00:00:00 UTC,0.007135571,2754938.009,1179.120096,-0.027803655
2017-02-11 00:00:00 UTC,0.00733675,2832392.154,1860.888171,0.004360045
2017-02-10 00:00:00 UTC,0.007304831,2819857.575,1859.988349,0.051703665
2017-02-09 00:00:00 UTC,0.006936742,2677462.099,5353.449382,-0.118764992
2017-02-08 00:00:00 UTC,0.007811502,3014667.82,3221.762026,0.076173028
2017-02-07 00:00:00 UTC,0.007238574,2793161.611,4154.800658,0.014352955
2017-02-06 00:00:00 UTC,0.007135421,2753197.732,4981.976255,0.003874276
2017-02-05 00:00:00 UTC,0.00710783,2741999.855,11236.20091,-0.108702117
2017-02-04 00:00:00 UTC,0.007924023,3056659.887,19538.58373,0.185583767
2017-02-03 00:00:00 UTC,0.006581846,2538721.475,3652.676335,-0.025840904
2017-02-02 00:00:00 UTC,0.006754144,2604956.96,4186.852566,-0.015065765
2017-02-01 00:00:00 UTC,0.006856671,2644337.113,1251.024374,0.001530944
2017-01-31 00:00:00 UTC,0.006846181,2640065.798,4773.730611,-0.013709269
2017-01-30 00:00:00 UTC,0.006940684,2675912.243,5954.693851,0.012806453
2017-01-29 00:00:00 UTC,0.006852365,2641665.215,1730.665459,-0.024886439
2017-01-28 00:00:00 UTC,0.007025036,2707988.754,5623.376221,-0.056058913
2017-01-27 00:00:00 UTC,0.007430099,2863923.766,18346.90054,0.084843808
2017-01-26 00:00:00 UTC,0.006825703,2630700.837,27216.08469,0.176347662
2017-01-25 00:00:00 UTC,0.005722168,2205216.94,2231.233592,0.008638464
2017-01-24 00:00:00 UTC,0.00567295,2186076.987,2212.042173,-0.041487232
2017-01-23 00:00:00 UTC,0.005913255,2278465.241,6983.37136,0.074030387
2017-01-22 00:00:00 UTC,0.005491306,2115670.621,1512.949209,-0.001832827
2017-01-21 00:00:00 UTC,0.00550138,2119313.053,2621.578919,0.019599346
2017-01-20 00:00:00 UTC,0.005394606,2077961.194,513.0315192,-0.004836718
2017-01-19 00:00:00 UTC,0.005420762,2087900.57,1897.164693,-0.02635888
2017-01-18 00:00:00 UTC,0.005565547,2143467.124,575.8544129,-0.012036326
2017-01-17 00:00:00 UTC,0.00563294,2169190.659,2234.244927,0.058294823
2017-01-16 00:00:00 UTC,0.005313957,2046139.411,4542.916616,0.011126847
2017-01-15 00:00:00 UTC,0.005255157,2023343.246,1916.908253,0.022098322
2017-01-14 00:00:00 UTC,0.0051403,1978977.084,1470.337918,-0.026159971
2017-01-13 00:00:00 UTC,0.005276545,2031238.696,642.3339716,0.023050798
2017-01-12 00:00:00 UTC,0.005156307,1984667.571,648.4155816,0.059270047
2017-01-11 00:00:00 UTC,0.004859573,1870203.63,620.0291399,-0.111881785
2017-01-10 00:00:00 UTC,0.005434853,2091432.386,1004.102936,0.009420958
2017-01-09 00:00:00 UTC,0.005383892,2071676.368,461.1383979,0.004662732
2017-01-08 00:00:00 UTC,0.005358846,2061834.239,1736.372181,-0.020865591
2017-01-07 00:00:00 UTC,0.005471837,2105140.654,1238.003895,0.01899361
2017-01-06 00:00:00 UTC,0.005368888,2065329.553,561.8506373,-0.067802572
2017-01-05 00:00:00 UTC,0.005745537,2210039.303,1392.124733,-0.167517315
2017-01-04 00:00:00 UTC,0.006793326,2612667.193,10825.98952,0.038220596
2017-01-03 00:00:00 UTC,0.00653858,2514376.741,12726.77221,-0.089903505
2017-01-02 00:00:00 UTC,0.007153656,2750621.8,1487.36677,-0.047808989
2017-01-01 00:00:00 UTC,0.007503972,2885106.409,8387.324603,-0.004234426
2016-12-31 00:00:00 UTC,0.007535815,2897044.558,5073.408379,0.255689378
2016-12-30 00:00:00 UTC,0.005835603,2243258.296,992.5550649,-0.050676954
2016-12-29 00:00:00 UTC,0.006138955,2359478.976,7450.424133,0.178570484
2016-12-28 00:00:00 UTC,0.005135022,1973372.398,775.6885108,0.024834995
2016-12-27 00:00:00 UTC,0.005009064,1924752.925,375.3837907,0.018799162
2016-12-26 00:00:00 UTC,0.004915777,1888752.72,3186.823572,0.055939659
2016-12-25 00:00:00 UTC,0.00464834,1785875.492,318.045929,0.011802912
2016-12-24 00:00:00 UTC,0.004593799,1764728.378,163.7025736,-0.007759749
2016-12-23 00:00:00 UTC,0.004629584,1778348.408,2051.423921,0.067914306
2016-12-22 00:00:00 UTC,0.004325608,1661452.923,1741.380293,-0.081986854
2016-12-21 00:00:00 UTC,0.004695195,1803158.226,967.207525,0.017607479
2016-12-20 00:00:00 UTC,0.004613248,1771526.649,613.7148134,0.008537971
2016-12-19 00:00:00 UTC,0.004574028,1756321.304,3382.480817,-0.018897062
2016-12-18 00:00:00 UTC,0.004661285,1789682.577,16902.69196,0.004140951
2016-12-17 00:00:00 UTC,0.004642023,1782144.755,1258.825115,-0.014276225
2016-12-16 00:00:00 UTC,0.004708769,1807629.484,1627.47367,-0.010655
2016-12-15 00:00:00 UTC,0.004759209,1826774.756,1872.704584,0.014439516
2016-12-14 00:00:00 UTC,0.004690982,1800425.016,269.3861579,-0.005515394
2016-12-13 00:00:00 UTC,0.004716926,1810246.666,630.07426,-0.030794969
2016-12-12 00:00:00 UTC,0.004864444,1866670.614,1458.628105,0.028944277
2016-12-11 00:00:00 UTC,0.004725664,1813263.604,199.345075,0.011353837
2016-12-10 00:00:00 UTC,0.004672313,1792624.526,1044.484239,-0.034369528
2016-12-09 00:00:00 UTC,0.00483569,1854967.856,4141.375051,0.197867944
2016-12-08 00:00:00 UTC,0.003967578,1521825.368,1368.711927,-0.09336503
2016-12-07 00:00:00 UTC,0.004355855,1670394.622,2319.052288,-0.007400221
2016-12-06 00:00:00 UTC,0.004388208,1682656.193,7440.75193,0.128281288
2016-12-05 00:00:00 UTC,0.003859894,1479951.279,1700.709787,-0.058271585
2016-12-04 00:00:00 UTC,0.004091499,1568628.844,1212.594846,-0.038243173
2016-12-03 00:00:00 UTC,0.004251001,1629675.865,614.2839852,-0.017406712
2016-12-02 00:00:00 UTC,0.004325645,1658149.971,2961.685337,0.014720506
2016-12-01 00:00:00 UTC,0.004262436,1633802.997,1030.597265,-0.013025751
2016-11-30 00:00:00 UTC,0.00431832,1654878.993,2311.110884,-0.062832921
2016-11-29 00:00:00 UTC,0.004598359,1762038.738,1015.091128,0.027502676
2016-11-28 00:00:00 UTC,0.004473615,1714066.901,146.9667948,0.007594637
2016-11-27 00:00:00 UTC,0.004439768,1700969.654,1436.149885,-0.028516922
2016-11-26 00:00:00 UTC,0.004568199,1750025.503,916.9137872,0.029324761
2016-11-25 00:00:00 UTC,0.004436183,1699378.579,1284.087122,0.043828657
2016-11-24 00:00:00 UTC,0.00424595,1626377.649,800.4421612,-0.052158368
2016-11-23 00:00:00 UTC,0.004473289,1713349.322,721.9691057,-0.003446963
2016-11-22 00:00:00 UTC,0.004488735,1719100.619,718.0322463,-0.039939113
2016-11-21 00:00:00 UTC,0.004671639,1789009.511,326.8503953,0.056526607
2016-11-20 00:00:00 UTC,0.004414892,1690523.427,918.9991651,-0.050281858
2016-11-19 00:00:00 UTC,0.004642557,1777567.732,908.25136,0.047813716
2016-11-18 00:00:00 UTC,0.004425802,1694422.498,493.7650994,0.056279523
2016-11-17 00:00:00 UTC,0.0041836,1601595.413,692.1590621,-0.037395996
2016-11-16 00:00:00 UTC,0.004343012,1662482.221,2234.324023,-0.027019726
2016-11-15 00:00:00 UTC,0.004461958,1707896.666,2573.341347,0.001967154
2016-11-14 00:00:00 UTC,0.00445319,1704374.649,1111.478326,-0.009514148
2016-11-13 00:00:00 UTC,0.00449576,1720565.239,1238.409026,-0.086470902
2016-11-12 00:00:00 UTC,0.004901816,1875857.576,2092.439203,0.037110556
2016-11-11 00:00:00 UTC,0.004723241,1807284.01,3341.396041,-0.082451153
2016-11-10 00:00:00 UTC,0.005129182,1962462.155,1305.185796,-0.014915421
2016-11-09 00:00:00 UTC,0.00520626,1991741.244,862.4167043,0.021469795
2016-11-08 00:00:00 UTC,0.005095674,1949415.671,2155.050059,-0.031432313
2016-11-07 00:00:00 UTC,0.005258386,2011471.761,2240.817501,-0.097983603
2016-11-06 00:00:00 UTC,0.005799709,2218393.435,2297.78713,0.057088853
2016-11-05 00:00:00 UTC,0.005477884,2095074.797,2362.714723,0.029110396
2016-11-04 00:00:00 UTC,0.00532072,2034828.214,1343.412962,-0.048564946
2016-11-03 00:00:00 UTC,0.005585497,2135930.822,1824.068695,0.066598267
2016-11-02 00:00:00 UTC,0.005225629,1998047.352,3748.872585,-0.051297847
2016-11-01 00:00:00 UTC,0.005500687,2103024.437,5596.762039,-0.066761167
2016-10-31 00:00:00 UTC,0.005880456,2247591.199,4565.418836,-0.080693511
2016-10-30 00:00:00 UTC,0.006374641,2436270.697,3697.552357,0.00378077
2016-10-29 00:00:00 UTC,0.006350585,2426940.471,3827.747083,-0.175587171
2016-10-28 00:00:00 UTC,0.007569554,2892127.681,2336.909681,0.006107254
2016-10-27 00:00:00 UTC,0.007523466,2874300.804,2322.681072,0.013576575
2016-10-26 00:00:00 UTC,0.007422013,2834397.893,1876.225238,-0.002815781
2016-10-25 00:00:00 UTC,0.007442941,2842220.41,2353.850698,-0.023346694
2016-10-24 00:00:00 UTC,0.007618754,2909170.866,3549.878146,-0.025093868
2016-10-23 00:00:00 UTC,0.007812357,2982819.652,506.7897351,0.011474171
2016-10-22 00:00:00 UTC,0.007723229,2948531.348,1440.589114,-0.007643387
2016-10-21 00:00:00 UTC,0.007782487,2970933.471,2590.988805,0.028703017
2016-10-20 00:00:00 UTC,0.007562281,2886631.462,1847.567556,-0.021118274
2016-10-19 00:00:00 UTC,0.007723682,2948038.417,2057.775444,0.033919437
2016-10-18 00:00:00 UTC,0.007466092,2849475.321,1636.142804,-0.024306483
2016-10-17 00:00:00 UTC,0.00764979,2919124.208,7487.380498,-0.023731649
2016-10-16 00:00:00 UTC,0.007833503,2988782.04,3685.225386,0.022670919
2016-10-15 00:00:00 UTC,0.007657909,2921418.401,8421.13774,-0.048289927
2016-10-14 00:00:00 UTC,0.008036783,3065744.821,1771.966458,0.003950105
2016-10-13 00:00:00 UTC,0.008005099,3053456.133,7711.103904,0.064821217
2016-10-12 00:00:00 UTC,0.007502659,2861588.21,1372.580522,-0.023670474
2016-10-11 00:00:00 UTC,0.007682369,2929875.391,4622.74912,0.091999499
2016-10-10 00:00:00 UTC,0.007007132,2672097.943,5556.277992,-0.055283795
2016-10-09 00:00:00 UTC,0.007405421,2823824.726,1554.323068,-0.016022146
2016-10-08 00:00:00 UTC,0.007525027,2869257.415,3816.770931,-0.043824629
2016-10-07 00:00:00 UTC,0.007862142,2997592.696,2409.042373,0.042981309
2016-10-06 00:00:00 UTC,0.007531376,2871213.793,4009.185839,-0.008987398
2016-10-05 00:00:00 UTC,0.007599369,2896922.857,4884.250724,0.010673847
2016-10-04 00:00:00 UTC,0.007518685,2865942.004,6409.404773,-0.008858259
2016-10-03 00:00:00 UTC,0.007585584,2891139.53,4395.62331,0.003763263
2016-10-02 00:00:00 UTC,0.007557091,2880089.253,7829.089299,-0.018507002
2016-10-01 00:00:00 UTC,0.007698252,2933664.322,15145.48405,0.070510199
2016-09-30 00:00:00 UTC,0.007174142,2733679.273,4435.089871,0.00249939
2016-09-29 00:00:00 UTC,0.007156233,2726619.856,6564.187689,-0.030350589
2016-09-28 00:00:00 UTC,0.007376759,2810468.652,10230.91935,-0.007700847
2016-09-27 00:00:00 UTC,0.007433785,2831938.108,934.5579663,-0.015266435
2016-09-26 00:00:00 UTC,0.007548143,2875205.237,6178.759085,-0.033006928
2016-09-25 00:00:00 UTC,0.007801442,2971417.381,9114.472027,-0.08221439
2016-09-24 00:00:00 UTC,0.008469936,3225809.538,5007.127966,0.103029217
2016-09-23 00:00:00 UTC,0.007640734,2909804.577,21083.41892,-0.059733094
2016-09-22 00:00:00 UTC,0.008111046,3088640.798,5391.29884,0.01974854
2016-09-21 00:00:00 UTC,0.007952436,3028039.781,9858.40248,-0.025151782
2016-09-20 00:00:00 UTC,0.00815499,3104871.149,11704.06312,-0.076084086
2016-09-19 00:00:00 UTC,0.008799669,3349976.822,5595.816659,-0.039429159
2016-09-18 00:00:00 UTC,0.009153564,3484387.939,26594.91857,-0.115797941
2016-09-17 00:00:00 UTC,0.010277337,3911833.458,42721.50573,0.226311936
2016-09-16 00:00:00 UTC,0.008195861,3119288.166,12806.39412,-0.003930398
2016-09-15 00:00:00 UTC,0.008228137,3131246.647,16341.85588,-0.064000895
2016-09-14 00:00:00 UTC,0.008771963,3337887.351,50649.5919,0.030133789
2016-09-13 00:00:00 UTC,0.008511573,3238526.88,89468.29267,0.159992137
2016-09-12 00:00:00 UTC,0.007253141,2759492.119,11825.03029,-0.023714608
2016-09-11 00:00:00 UTC,0.007427202,2825286.65,12601.37906,-0.030934607
2016-09-10 00:00:00 UTC,0.007660551,2913946.686,43687.11788,0.025534527
2016-09-09 00:00:00 UTC,0.007467418,2840252.914,207414.1508,-0.39777415
2016-09-08 00:00:00 UTC,0.011115311,4227166.758,203321.2744,0.632270168
2016-09-07 00:00:00 UTC,0.005906499,2245976.699,1629.650251,0.051778588
2016-09-06 00:00:00 UTC,0.005608452,2132322.587,4347.384551,0.024521002
2016-09-05 00:00:00 UTC,0.005472599,2080434.313,6071.987875,0.022791103
2016-09-04 00:00:00 UTC,0.005349284,2033435.41,2321.882064,-0.055831967
2016-09-03 00:00:00 UTC,0.005656439,2149960.555,1068.021474,0.050823942
2016-09-02 00:00:00 UTC,0.00537614,2043283.488,1261.616686,-0.008139283
2016-09-01 00:00:00 UTC,0.005420077,2059799.815,826.9091331,0.052014298
2016-08-31 00:00:00 UTC,0.005145362,1955258.081,687.9839089,-0.014759251
2016-08-30 00:00:00 UTC,0.005221866,1984099.736,1426.165951,0.00917643
2016-08-29 00:00:00 UTC,0.005174168,1965839.938,3201.558137,-0.020253845
2016-08-28 00:00:00 UTC,0.005280033,2005879.383,1147.66605,-0.050304378
2016-08-27 00:00:00 UTC,0.005552436,2109209.657,351.8355614,0.079466662
2016-08-26 00:00:00 UTC,0.005128278,1947831.552,1129.281978,0.051959934
2016-08-25 00:00:00 UTC,0.004868618,1848973.952,3537.613498,-0.067498796
2016-08-24 00:00:00 UTC,0.005208588,1977906.445,773.6903399,-0.006405603
2016-08-23 00:00:00 UTC,0.00524206,1990457.97,2922.396126,-0.039052948
2016-08-22 00:00:00 UTC,0.005450827,2069588.023,1985.527426,-0.058514581
2016-08-21 00:00:00 UTC,0.005779297,2194088.173,803.7248731,-0.033705212
2016-08-20 00:00:00 UTC,0.005977409,2269029.962,1245.618214,-0.010491247
2016-08-19 00:00:00 UTC,0.00604045,2292726.074,4328.91362,0.011417807
2016-08-18 00:00:00 UTC,0.005971873,2266553.898,719.9099195,-0.015690958
2016-08-17 00:00:00 UTC,0.006066317,2301841.611,3784.042782,0.002898943
2016-08-16 00:00:00 UTC,0.006048756,2295021.154,2159.768758,0.045543047
2016-08-15 00:00:00 UTC,0.005779456,2192684.598,2405.426255,-0.000728124
2016-08-14 00:00:00 UTC,0.005783666,2194112.982,814.0903402,-0.031789877
2016-08-13 00:00:00 UTC,0.005970482,2264834.622,583.7951424,0.036725343
2016-08-12 00:00:00 UTC,0.005755191,2182924.57,1343.93487,-0.001846112
2016-08-11 00:00:00 UTC,0.005765826,2186611.902,1346.418216,0.015052238
2016-08-10 00:00:00 UTC,0.005679687,2153809.091,1367.614266,-0.042458058
2016-08-09 00:00:00 UTC,0.005926028,2246981.305,1176.329878,-0.00107089
2016-08-08 00:00:00 UTC,0.005932378,2249233.904,2934.509909,-0.048712966
2016-08-07 00:00:00 UTC,0.006228516,2361326.52,1603.313396,0.044658671
2016-08-06 00:00:00 UTC,0.005956478,2257431.445,2535.803203,0.031825828
2016-08-05 00:00:00 UTC,0.005769893,2186718.046,3288.892481,0.122862727
2016-08-04 00:00:00 UTC,0.005102807,1933829.737,2155.631788,-0.021580304
2016-08-03 00:00:00 UTC,0.005214124,1975752.964,2433.533324,0.153717702
2016-08-02 00:00:00 UTC,0.004471185,1694083.753,3571.970069,-0.200042541
2016-08-01 00:00:00 UTC,0.00546135,2069090.057,739.6998337,0.035192624
2016-07-31 00:00:00 UTC,0.005272493,1997249.842,4014.176878,-0.054662992
2016-07-30 00:00:00 UTC,0.005568726,2109369.781,843.0322459,0.049887899
2016-07-29 00:00:00 UTC,0.00529773,2006421.57,4778.868308,-0.048213258
2016-07-28 00:00:00 UTC,0.005559409,2104907.933,694.7700656,-0.009446264
2016-07-27 00:00:00 UTC,0.005612173,2124885.658,954.977212,0.009260034
2016-07-26 00:00:00 UTC,0.005560444,2105299.965,1506.62798,0.021963938
2016-07-25 00:00:00 UTC,0.005439646,2059541.351,1599.834695,0.005028511
2016-07-24 00:00:00 UTC,0.005412362,2049037.428,3834.408892,-0.063678081
2016-07-23 00:00:00 UTC,0.00576822,2183609.239,2200.272585,0.006632947
2016-07-22 00:00:00 UTC,0.005730087,2169030.077,2185.726588,-0.061251349
2016-07-21 00:00:00 UTC,0.006092034,2305859.576,1202.391924,0.009537392
2016-07-20 00:00:00 UTC,0.006034208,2283707.714,939.9751197,0.010426609
2016-07-19 00:00:00 UTC,0.005971618,2259951.329,837.5946975,-0.019242175
2016-07-18 00:00:00 UTC,0.006087638,2303675.413,3256.718341,-0.046104891
2016-07-17 00:00:00 UTC,0.006374879,2412043.846,1768.648147,-0.014973905
2016-07-16 00:00:00 UTC,0.006471054,2448282.546,1468.330588,0.060425949
2016-07-15 00:00:00 UTC,0.006091614,2304227.14,2629.707334,0.009231399
2016-07-14 00:00:00 UTC,0.006035638,2282823.31,2605.543162,0.013061554
2016-07-13 00:00:00 UTC,0.005957316,2253142.398,2468.446073,-0.037410777
2016-07-12 00:00:00 UTC,0.006184405,2338843.53,1974.073112,0.041065385
2016-07-11 00:00:00 UTC,0.005935584,2244537.54,867.0429799,-0.043044698
2016-07-10 00:00:00 UTC,0.006196658,2343032.635,2445.664696,-0.039242918
2016-07-09 00:00:00 UTC,0.006444668,2436656.773,4249.627529,-0.056970536
2016-07-08 00:00:00 UTC,0.006822484,2579255.342,974.5858635,0.033232243
2016-07-07 00:00:00 UTC,0.006599483,2494738.96,2052.555426,-0.052880633
2016-07-06 00:00:00 UTC,0.00695786,2629918.545,19045.90257,0.119144578
2016-07-05 00:00:00 UTC,0.00617635,2334152.103,2547.158421,0.041382312
2016-07-04 00:00:00 UTC,0.005925974,2239239.741,1568.752108,0.028711747
2016-07-03 00:00:00 UTC,0.005758249,2175660.481,354.1803006,-0.062948358
2016-07-02 00:00:00 UTC,0.006132373,2316734.125,2709.926449,0.056607838
2016-07-01 00:00:00 UTC,0.005794875,2189168.499,3606.205614,-0.05071236
2016-06-30 00:00:00 UTC,0.006096326,2302761.192,666.4472137,0.0522313
2016-06-29 00:00:00 UTC,0.005786079,2185406.297,632.5312568,-0.014671059
2016-06-28 00:00:00 UTC,0.005871593,2217518.317,2884.992811,0.03133502
2016-06-27 00:00:00 UTC,0.005690459,2148937.459,2774.221674,0.011832073
2016-06-26 00:00:00 UTC,0.005623526,2123500.062,429.5188253,-0.081939237
2016-06-25 00:00:00 UTC,0.006103718,2304706.747,243.7854306,0.129402171
2016-06-24 00:00:00 UTC,0.005362852,2024815.769,710.9044057,-0.042951176
2016-06-23 00:00:00 UTC,0.005598211,2113536.969,1081.915406,0.01618019
2016-06-22 00:00:00 UTC,0.00550836,2079494.896,3931.532697,-0.081213203
2016-06-21 00:00:00 UTC,0.005974379,2255271.021,2423.915685,-0.215221423
2016-06-20 00:00:00 UTC,0.007409045,2796650.875,3132.385755,0.03528861
2016-06-19 00:00:00 UTC,0.00715215,2699457.416,1117.701389,0.058671114
2016-06-18 00:00:00 UTC,0.006744598,2545435.102,4735.427942,-0.076148205
2016-06-17 00:00:00 UTC,0.007278247,2746265.579,682.7581892,-0.022944399
2016-06-16 00:00:00 UTC,0.007447173,2810005.434,864.1657172,-0.044968142
2016-06-15 00:00:00 UTC,0.007789702,2939081.723,3497.78376,0.112400109
2016-06-14 00:00:00 UTC,0.006961552,2626406.654,309.3744419,-0.064194828
2016-06-13 00:00:00 UTC,0.007423104,2800209.261,467.6725434,-0.0041037
2016-06-12 00:00:00 UTC,0.007453629,2811501.943,3379.244295,0.036723954
2016-06-11 00:00:00 UTC,0.007184867,2709927.276,1376.73472,0.051986952
2016-06-10 00:00:00 UTC,0.006820891,2572397.404,347.4920469,0.013723949
2016-06-09 00:00:00 UTC,0.006727921,2537145.427,694.5856317,0.03331371
2016-06-08 00:00:00 UTC,0.006507481,2453739.586,504.3770676,0.009146457
2016-06-07 00:00:00 UTC,0.006448232,2431108.923,542.1231184,0.023623505
2016-06-06 00:00:00 UTC,0.006297687,2374067.952,360.2839341,0.02862174
2016-06-05 00:00:00 UTC,0.006119992,2306933.246,1292.430185,-0.073469072
2016-06-04 00:00:00 UTC,0.006586551,2482619.568,400.8109949,-0.018503257
2016-06-03 00:00:00 UTC,0.006709558,2528750.875,282.5653501,0.063054869
2016-06-02 00:00:00 UTC,0.00629955,2373970.734,244.0432728,-0.027443883
2016-06-01 00:00:00 UTC,0.006474828,2439770.77,891.2110031,-0.00445981
2016-05-31 00:00:00 UTC,0.006503769,2450448.566,3993.635689,0.126576084
2016-05-30 00:00:00 UTC,0.005730517,2158892.391,3207.755951,-0.055202916
2016-05-29 00:00:00 UTC,0.006055753,2281054.531,3565.400704,-0.160218557
2016-05-28 00:00:00 UTC,0.007108045,2677387.271,1253.64778,0.04553708
2016-05-27 00:00:00 UTC,0.006791625,2557855.616,859.968548,0.059440536
2016-05-26 00:00:00 UTC,0.006399691,2409812.472,304.8032589,-0.030600905
2016-05-25 00:00:00 UTC,0.006598554,2484491.78,1512.761365,-0.029333741
2016-05-24 00:00:00 UTC,0.006794981,2558188.451,721.22492,-0.061352149
2016-05-23 00:00:00 UTC,0.007224922,2719864.014,730.5597091,-0.012123503
2016-05-22 00:00:00 UTC,0.007313047,2752803.797,461.3013564,0.005216214
2016-05-21 00:00:00 UTC,0.007275,2738283.15,523.6346005,0.04675789
2016-05-20 00:00:00 UTC,0.006942666,2612877.546,7154.189928,-0.126150908
2016-05-19 00:00:00 UTC,0.007876131,2963706.597,2671.905823,-0.009986122
2016-05-18 00:00:00 UTC,0.007955177,2993213.13,584.1553547,0.037554563
2016-05-17 00:00:00 UTC,0.007661964,2882632.075,110.6348584,-0.046784337
2016-05-16 00:00:00 UTC,0.008028941,3020401.681,933.1389882,0.042019428
2016-05-15 00:00:00 UTC,0.00769856,2895860.879,83.14131357,-0.007580689
2016-05-14 00:00:00 UTC,0.007757142,2917715.178,385.2971354,0.012974947
2016-05-13 00:00:00 UTC,0.007657143,2879865.29,276.9605297,-0.032235623
2016-05-12 00:00:00 UTC,0.007907998,2974013.956,767.0229495,0.096721267
2016-05-11 00:00:00 UTC,0.007178952,2699552.771,144.7907486,-0.008484497
2016-05-10 00:00:00 UTC,0.00724012,2722313.848,671.7427047,-0.028036016
2016-05-09 00:00:00 UTC,0.007445977,2799526.797,604.6439675,-0.00475027
2016-05-08 00:00:00 UTC,0.007481431,2812595.563,2015.046865,-0.028947849
2016-05-07 00:00:00 UTC,0.007701168,2894964.911,1441.821462,-0.015538295
2016-05-06 00:00:00 UTC,0.007821765,2939850.33,2490.383655,0.013281918
2016-05-05 00:00:00 UTC,0.007718564,2900866.772,248.2384647,0.002272288
2016-05-04 00:00:00 UTC,0.007701045,2894104.133,983.0474135,-0.049877793
2016-05-03 00:00:00 UTC,0.008094897,3041902.779,1734.109354,-0.006035993
2016-05-02 00:00:00 UTC,0.008143905,3060015.138,1792.867366,0.04922494
2016-05-01 00:00:00 UTC,0.007752729,2912785.492,292.377022,0.015650798
2016-04-30 00:00:00 UTC,0.007632337,2867143.859,1571.606876,-0.062131794
2016-04-29 00:00:00 UTC,0.00812159,3050692.206,1674.706946,0.024977434
2016-04-28 00:00:00 UTC,0.007921246,2975166.211,515.5752272,-0.015008271
2016-04-27 00:00:00 UTC,0.008041026,3019897.314,354.3050378,-0.04946461
2016-04-26 00:00:00 UTC,0.008448774,3172796.148,1120.137906,-0.128916538
2016-04-25 00:00:00 UTC,0.009611285,3608852.926,1699.107322,0.078405968
2016-04-24 00:00:00 UTC,0.008886488,3336622.529,303.69078,0.001045043
2016-04-23 00:00:00 UTC,0.008877206,3332626.981,991.8740545,-0.006932731
2016-04-22 00:00:00 UTC,0.008938963,3355493.474,706.3267323,-0.0134323
2016-04-21 00:00:00 UTC,0.009059844,3400596.975,2490.326089,0.049083013
2016-04-20 00:00:00 UTC,0.008625897,3237494.283,3758.670939,-0.003826909
2016-04-19 00:00:00 UTC,0.00865897,3249572.357,1882.97954,-0.050956692
2016-04-18 00:00:00 UTC,0.009111638,3419101.505,800.9245899,-0.009044524
2016-04-17 00:00:00 UTC,0.009194422,3449870.465,1472.629383,-0.018283747
2016-04-16 00:00:00 UTC,0.009364077,3512781.624,2542.889194,-0.038708391
2016-04-15 00:00:00 UTC,0.009733652,3651421.704,1291.808379,-0.022873944
2016-04-14 00:00:00 UTC,0.009958865,3735734.399,1822.920113,0.053424716
2016-04-13 00:00:00 UTC,0.009440778,3540957.408,1034.181497,0.066973617
2016-04-12 00:00:00 UTC,0.008829203,3311264.786,642.7261229,0.012931993
2016-04-11 00:00:00 UTC,0.008715759,3268490.769,8441.82313,-0.111415389
2016-04-10 00:00:00 UTC,0.009742991,3653450.453,4333.06103,-0.085533581
2016-04-09 00:00:00 UTC,0.010613022,3979173.572,914.1072844,0.026913762
2016-04-08 00:00:00 UTC,0.010331195,3873407.443,1673.964681,-0.018031829
2016-04-07 00:00:00 UTC,0.010519175,3943594.357,1711.238841,-0.012590621
2016-04-06 00:00:00 UTC,0.010652456,3992853.825,1277.47718,-0.049745701
2016-04-05 00:00:00 UTC,0.011195771,4196183.276,3677.551455,-0.038465349
2016-04-04 00:00:00 UTC,0.01163481,4360448.563,2437.019651,0.002329118
2016-04-03 00:00:00 UTC,0.011607743,4349667.825,2172.27374,0.022517141
2016-04-02 00:00:00 UTC,0.01134929,4252505.573,2360.529571,-0.041181395
2016-04-01 00:00:00 UTC,0.011826427,4431010.069,2146.980194,-0.0211195
2016-03-31 00:00:00 UTC,0.012078852,4525308.409,3342.344859,-0.018005988
2016-03-30 00:00:00 UTC,0.012298313,4607176.268,2367.257764,-0.012753087
2016-03-29 00:00:00 UTC,0.012456159,4665928.192,4943.709245,0.006693065
2016-03-28 00:00:00 UTC,0.012373067,4634366.303,3664.043201,-0.027142258
2016-03-27 00:00:00 UTC,0.0127135,4761430.129,10110.10599,0.120706659
2016-03-26 00:00:00 UTC,0.011267897,4219675.915,3074.30842,-0.00547748
2016-03-25 00:00:00 UTC,0.011329786,4242601.217,6114.613368,-0.002506613
2016-03-24 00:00:00 UTC,0.011358221,4252793.687,41521.17922,0.0397285
2016-03-23 00:00:00 UTC,0.010915822,4086808.905,10713.40154,0.05922554
2016-03-22 00:00:00 UTC,0.010288099,3851514.161,16132.3539,-0.180430335
2016-03-21 00:00:00 UTC,0.012322392,4612711.98,45418.08733,-0.128306531
2016-03-20 00:00:00 UTC,0.014009346,5243854.044,172720.3788,0.619228253
2016-03-19 00:00:00 UTC,0.007542068,2822803.493,883.8201932,0.027153791
2016-03-18 00:00:00 UTC,0.007340028,2746966.674,4012.925125,0.051290075
2016-03-17 00:00:00 UTC,0.006973049,2609303.624,1349.240694,-0.055109095
2016-03-16 00:00:00 UTC,0.007368113,2756881.688,1212.79203,0.038001914
2016-03-15 00:00:00 UTC,0.007093364,2653817.725,823.1433397,-0.047549618
2016-03-14 00:00:00 UTC,0.007438798,2782755.925,1354.351265,0.045340237
2016-03-13 00:00:00 UTC,0.007109053,2659186.753,4495.992288,-0.030170594
2016-03-12 00:00:00 UTC,0.007326806,2740169.437,2075.873508,0.021909093
2016-03-11 00:00:00 UTC,0.007168028,2680057.714,2596.999844,-0.170996691
2016-03-10 00:00:00 UTC,0.008504771,3179853.163,1299.053929,0.049868834
2016-03-09 00:00:00 UTC,0.00809105,3025166.668,2646.710076,0.177702682
2016-03-08 00:00:00 UTC,0.006773756,2532540.25,5202.396273,0.117564074
2016-03-07 00:00:00 UTC,0.006022435,2251319.351,1125.76408,0.02926104
2016-03-06 00:00:00 UTC,0.005848766,2186227.17,405.6847121,-0.007614885
2016-03-05 00:00:00 UTC,0.005893473,2202432.502,2128.858582,0.075527441
2016-03-04 00:00:00 UTC,0.005464749,2042087.478,1075.518928,-0.111352444
2016-03-03 00:00:00 UTC,0.006108435,2282483.743,1314.891798,-0.034714438
2016-03-02 00:00:00 UTC,0.006324209,2362935.943,1139.062479,0.011981518
2016-03-01 00:00:00 UTC,0.006248888,2334579.565,850.3863022,0.033804096
2016-02-29 00:00:00 UTC,0.00604118,2256833.076,1013.165833,0.023796153
2016-02-28 00:00:00 UTC,0.00589912,2203553.423,572.2079434,0.023085259
2016-02-27 00:00:00 UTC,0.005764497,2153033.337,321.1873716,0.050242816
2016-02-26 00:00:00 UTC,0.005482028,2047354.912,268.642238,0.008292141
2016-02-25 00:00:00 UTC,0.005436758,2030298.699,569.389179,0.05057572
2016-02-24 00:00:00 UTC,0.005168628,1930024.454,210.0244158,-0.019374027
2016-02-23 00:00:00 UTC,0.005269741,1967628.015,420.1352164,-0.053543857
2016-02-22 00:00:00 UTC,0.005559594,2075701.371,308.3726884,0.069962884
2016-02-21 00:00:00 UTC,0.005183924,1935300.081,396.3394305,-0.090247979
2016-02-20 00:00:00 UTC,0.005673523,2117759.861,1092.097063,0.055450397
2016-02-19 00:00:00 UTC,0.005367487,2003269.093,712.2970609,-0.058801568
2016-02-18 00:00:00 UTC,0.005692568,2124395.58,957.0453476,-0.086232119
2016-02-17 00:00:00 UTC,0.006205237,2315502.423,1052.537868,0.065829601
2016-02-16 00:00:00 UTC,0.005809903,2167820.998,1388.377067,0.050330911
2016-02-15 00:00:00 UTC,0.005524723,2061250.183,1688.362995,-0.02402177
2016-02-14 00:00:00 UTC,0.005659043,2111198.787,1550.984449,0.036322855
2016-02-13 00:00:00 UTC,0.005457179,2035717.153,539.1456016,0.017737515
2016-02-12 00:00:00 UTC,0.005361235,1999747.802,1235.597539,0.018365964
2016-02-11 00:00:00 UTC,0.00526367,1963190.279,2862.517543,-0.002824611
2016-02-10 00:00:00 UTC,0.005278559,1968578.534,3072.484313,-0.048705217
2016-02-09 00:00:00 UTC,0.005542016,2066681.2,976.3206946,-0.02269671
2016-02-08 00:00:00 UTC,0.00566924,2113981.768,529.8068635,0.000485329
2016-02-07 00:00:00 UTC,0.005666489,2112767.232,288.9848695,0.007317248
2016-02-06 00:00:00 UTC,0.005625177,2097186.984,596.5813678,-0.064786852
2016-02-05 00:00:00 UTC,0.006001679,2237399.975,761.876468,0.030031694
2016-02-04 00:00:00 UTC,0.005824118,2171029.997,2535.919341,0.109057872
2016-02-03 00:00:00 UTC,0.005222362,1946534.646,1207.859953,-0.065011799
2016-02-02 00:00:00 UTC,0.005573156,2077138.484,397.7589281,0.036414788
2016-02-01 00:00:00 UTC,0.005373861,2002664.702,1193.696557,-0.072322616
2016-01-31 00:00:00 UTC,0.005776912,2152709.932,299.408616,0.007814573
2016-01-30 00:00:00 UTC,0.005731944,2135728.051,311.2165819,0.027070415
2016-01-29 00:00:00 UTC,0.005578859,2078480.383,2399.529258,-0.063344652
2016-01-28 00:00:00 UTC,0.005943683,2214195.639,368.6507376,-0.053732159
2016-01-27 00:00:00 UTC,0.006271786,2335813.059,1833.841888,-0.061609389
2016-01-26 00:00:00 UTC,0.006670338,2484246.575,2121.706746,0.068206167
2016-01-25 00:00:00 UTC,0.006230549,2320305.872,1912.556207,-0.075494845
2016-01-24 00:00:00 UTC,0.006719134,2502041.695,288.4054168,0.106236678
2016-01-23 00:00:00 UTC,0.006041924,2249498.04,2707.062947,-0.009962543
2016-01-22 00:00:00 UTC,0.006102418,2271951.503,2659.994768,-0.161165638
2016-01-21 00:00:00 UTC,0.007169606,2668980.29,324.6893685,-0.073044736
2016-01-20 00:00:00 UTC,0.007712909,2870912.731,919.0441745,0.084122483
2016-01-19 00:00:00 UTC,0.007090621,2639058.293,1555.394835,-0.038703467
2016-01-18 00:00:00 UTC,0.007370433,2742843.49,4549.601848,-0.066277456
2016-01-17 00:00:00 UTC,0.007875478,2930210.704,688.355404,0.119036612
2016-01-16 00:00:00 UTC,0.006991655,2601368.677,2163.425324,0.00659107
2016-01-15 00:00:00 UTC,0.006945724,2583874.555,2395.04702,-0.067684201
2016-01-14 00:00:00 UTC,0.007432115,2764609.593,1032.51782,-0.033217106
2016-01-13 00:00:00 UTC,0.007683134,2857871.642,3297.535647,-0.040418605
2016-01-12 00:00:00 UTC,0.008000037,2975532.927,3516.232152,-0.031225488
2016-01-11 00:00:00 UTC,0.008253783,3069672.514,429.3594835,-0.025925698
2016-01-10 00:00:00 UTC,0.008470566,3150031.557,2527.857225,-0.01691133
2016-01-09 00:00:00 UTC,0.008615033,3203448.622,1731.001725,-0.015642487
2016-01-08 00:00:00 UTC,0.008750853,3253631.395,3697.748516,-0.0314695
2016-01-07 00:00:00 UTC,0.009030617,3356815.192,2696.470616,0.084584794
2016-01-06 00:00:00 UTC,0.008298177,3084556.45,1283.985437,-0.062032136
2016-01-05 00:00:00 UTC,0.008829232,3281696.592,996.8942648,0.01606672
2016-01-04 00:00:00 UTC,0.008688508,3229033.869,3353.274542,0.017617376
2016-01-03 00:00:00 UTC,0.00853678,3172308.708,199.1419199,-0.040028991
2016-01-02 00:00:00 UTC,0.00888543,3301537.797,149.3967895,0.023833195
2016-01-01 00:00:00 UTC,0.008676166,3223383.911,1312.856306,0.017111284
2015-12-31 00:00:00 UTC,0.008528968,3168393.216,392.362712,-0.022577739
2015-12-30 00:00:00 UTC,0.008723723,3240446.222,1456.675614,0.023109275
2015-12-29 00:00:00 UTC,0.008524436,3166173.038,3510.32389,-0.0039413
2015-12-28 00:00:00 UTC,0.0085581,3178316.855,2713.58468,-0.037002123
2015-12-27 00:00:00 UTC,0.008880699,3297867.792,2585.594714,0.02816207
2015-12-26 00:00:00 UTC,0.008634089,3205870.001,2948.954621,-0.110123528
2015-12-25 00:00:00 UTC,0.009639235,3578828.806,1771.051185,-0.009719791
2015-12-24 00:00:00 UTC,0.009733383,3613513.94,219.7276901,0.068053643
2015-12-23 00:00:00 UTC,0.009093027,3375425.414,3646.30045,0.023620862
2015-12-22 00:00:00 UTC,0.008880759,3296229.513,2727.016083,0.004176968
2015-12-21 00:00:00 UTC,0.008843742,3282232.867,3887.460769,-0.007837828
2015-12-20 00:00:00 UTC,0.00891333,3307725.141,2910.046829,-0.223125157
2015-12-19 00:00:00 UTC,0.011141457,4133520.574,862.5250022,-0.009386631
2015-12-18 00:00:00 UTC,0.011246531,4172914.575,1752.402255,-0.01120861
2015-12-17 00:00:00 UTC,0.011373298,4219595.432,6519.746495,0.144246004
2015-12-16 00:00:00 UTC,0.009845577,3652529.709,4098.362372,0.015568649
2015-12-15 00:00:00 UTC,0.009693481,3595829.073,4940.591944,0.084537927
2015-12-14 00:00:00 UTC,0.008907697,3303938.804,5320.549537,-0.048669663
2015-12-13 00:00:00 UTC,0.009351955,3468375.144,1430.586114,-0.076780898
2015-12-12 00:00:00 UTC,0.010098292,3744806.242,7804.911634,0.032053618
2015-12-11 00:00:00 UTC,0.009779738,3626435.812,4919.855574,-0.044009665
2015-12-10 00:00:00 UTC,0.010219752,3789112.254,2190.16001,-0.071987484
2015-12-09 00:00:00 UTC,0.010982574,4071521.52,4584.457901,-0.133281452
2015-12-08 00:00:00 UTC,0.012548376,4651651.547,7390.938731,0.003701491
2015-12-07 00:00:00 UTC,0.012502014,4634071.666,959.6412166,0.003921749
2015-12-06 00:00:00 UTC,0.01245308,4615411.581,1624.269667,-0.008646397
2015-12-05 00:00:00 UTC,0.012561222,4655054.567,1597.867545,0.045444043
2015-12-04 00:00:00 UTC,0.012003165,4447839.818,347.0175826,-0.006794789
2015-12-03 00:00:00 UTC,0.012085002,4477786.481,1398.242377,0.014853161
2015-12-02 00:00:00 UTC,0.011906828,4411390.001,2311.780202,0.006295937
2015-12-01 00:00:00 UTC,0.011832099,4383362.226,7023.610528,-0.099618287
2015-11-30 00:00:00 UTC,0.013071501,4842156.708,14572.22748,0.013031511
2015-11-29 00:00:00 UTC,0.012902264,4779001.389,3222.099149,0.033356035
2015-11-28 00:00:00 UTC,0.012478995,4621816.975,10686.93297,0.011330566
2015-11-27 00:00:00 UTC,0.012338399,4569484.839,11083.16896,-0.015154283
2015-11-26 00:00:00 UTC,0.012526802,4638932.136,13796.44866,0.076707329
2015-11-25 00:00:00 UTC,0.011601834,4296053.309,5635.896775,0.077808248
2015-11-24 00:00:00 UTC,0.010733342,3974211.579,2272.504986,0.029727375
2015-11-23 00:00:00 UTC,0.010418964,3857382.238,4026.723724,-0.050296662
2015-11-22 00:00:00 UTC,0.010956405,4056167.987,1736.456017,0.027371648
2015-11-21 00:00:00 UTC,0.010660577,3946472.716,3503.374629,0.003528008
2015-11-20 00:00:00 UTC,0.010623033,3932340.311,4280.605538,-0.041014562
2015-11-19 00:00:00 UTC,0.011067791,4096570.824,4006.738607,0.007842274
2015-11-18 00:00:00 UTC,0.010981333,4063327.477,4076.357116,0.024686838
2015-11-17 00:00:00 UTC,0.010713558,3963759.006,6908.656274,0.022498989
2015-11-16 00:00:00 UTC,0.010475205,3874798.847,6433.340706,0.0619867
2015-11-15 00:00:00 UTC,0.009845597,3641629.353,8932.280716,-0.051304023
2015-11-14 00:00:00 UTC,0.010363897,3832754.927,7674.435001,-0.00672187
2015-11-13 00:00:00 UTC,0.010433797,3858097.26,5696.783202,-0.02029841
2015-11-12 00:00:00 UTC,0.01064775,3936678.109,3548.593344,0.158879579
2015-11-11 00:00:00 UTC,0.009083586,3358020.248,2211.647573,-0.117524763
2015-11-10 00:00:00 UTC,0.010216395,3776408.201,4014.281559,-0.093824306
2015-11-09 00:00:00 UTC,0.011221349,4147319.821,2066.138051,0.001882055
2015-11-08 00:00:00 UTC,0.01120025,4139003.69,2783.225263,-0.019015528
2015-11-07 00:00:00 UTC,0.011415266,4217900.752,1434.890208,0.035448408
2015-11-06 00:00:00 UTC,0.011017701,4070543.829,3565.584533,-0.067513265
2015-11-05 00:00:00 UTC,0.011787227,4354328.947,12203.69658,-0.022374773
2015-11-04 00:00:00 UTC,0.012053936,4452283.504,18585.52146,-0.024314087
2015-11-03 00:00:00 UTC,0.012350608,4561269.713,17568.20066,0.124690484
2015-11-02 00:00:00 UTC,0.010902748,4025959.961,14539.48175,0.06587504
2015-11-01 00:00:00 UTC,0.010207674,3768826.06,8958.681166,0.058680948
2015-10-31 00:00:00 UTC,0.009625914,3553458.347,8760.281253,-0.028663527
2015-10-30 00:00:00 UTC,0.009905819,3656381.177,5728.226871,0.045687067
2015-10-29 00:00:00 UTC,0.009463434,3492683.574,10438.96445,0.109877367
2015-10-28 00:00:00 UTC,0.008478707,3128770.586,21672.84393,-0.05505441
2015-10-27 00:00:00 UTC,0.008958586,3305376.37,14131.94057,0.056259338
2015-10-26 00:00:00 UTC,0.008468497,3124011.787,21822.14835,0.069369498
2015-10-25 00:00:00 UTC,0.007900954,2914109.881,11045.98189,0.073990389
2015-10-24 00:00:00 UTC,0.007337463,2705932.546,17205.27924,0.250389242
2015-10-23 00:00:00 UTC,0.005712198,2106214.327,8819.008294,0.069817719
2015-10-22 00:00:00 UTC,0.005326989,1963663.799,373.0380464,0.044083899
2015-10-21 00:00:00 UTC,0.005097256,1878826.544,3509.005813,-0.046498907
2015-10-20 00:00:00 UTC,0.005339869,1968022.304,4130.321731,0.071839266
2015-10-19 00:00:00 UTC,0.004969712,1831435.636,4795.146985,0.034618534
2015-10-18 00:00:00 UTC,0.004800612,1768834.698,9377.634689,-0.149848341
2015-10-17 00:00:00 UTC,0.005576669,2054452.444,13653.61442,0.1381286
2015-10-16 00:00:00 UTC,0.004857205,1789048.669,6786.900519,0.161302691
2015-10-15 00:00:00 UTC,0.004133648,1522299.715,4850.854783,0.105347633
2015-10-14 00:00:00 UTC,0.003720332,1369822.596,736.6033296,0.045247524
2015-10-13 00:00:00 UTC,0.003555747,1308272.877,356.849482,-0.026241124
2015-10-12 00:00:00 UTC,0.003650289,1343057.83,1584.01692,0.016320564
2015-10-11 00:00:00 UTC,0.003591198,1321316.268,1667.594811,0.056986328
2015-10-10 00:00:00 UTC,0.003392271,1248124.575,5705.453773,0.008890765
2015-10-09 00:00:00 UTC,0.003362244,1236250.852,2548.345811,-0.049450129
2015-10-08 00:00:00 UTC,0.003532687,1298920.354,18712.1043,-0.267550783
2015-10-07 00:00:00 UTC,0.004616374,1697377.148,9656.379474,0.177429737
2015-10-06 00:00:00 UTC,0.003865844,1421285.646,13947.69239,0.161094789
2015-10-05 00:00:00 UTC,0.00329065,1209629.765,13161.33162,0.070480017
2015-10-04 00:00:00 UTC,0.003066709,1127127.167,4467.852732,0.083376602
2015-10-03 00:00:00 UTC,0.002821387,1036759.439,6457.140813,0.050633318
2015-10-02 00:00:00 UTC,0.002682087,985426.0555,3512.261116,0.125596041
2015-10-01 00:00:00 UTC,0.002365523,868956.8259,3871.262671,0.083377065
2015-09-30 00:00:00 UTC,0.002176291,799291.1652,137.448017,-0.045076168
2015-09-29 00:00:00 UTC,0.002276634,835996.7129,308.6915338,-0.041829099
2015-09-28 00:00:00 UTC,0.002373884,871517.6189,3050.586925,0.195179682
2015-09-27 00:00:00 UTC,0.001952963,716801.0253,756.1561957,-0.032694702
2015-09-26 00:00:00 UTC,0.00201787,740421.0941,195.5389819,-0.064092403
2015-09-25 00:00:00 UTC,0.002151434,789301.0148,267.9590823,0.037658587
2015-09-24 00:00:00 UTC,0.002071921,759999.0761,237.4777673,0.002982359
2015-09-23 00:00:00 UTC,0.002065751,757617.107,967.0088655,0.174041336
2015-09-22 00:00:00 UTC,0.001735772,636484.8434,424.1478345,0.046727798
2015-09-21 00:00:00 UTC,0.001656529,607345.2467,1289.390112,-0.024687171
2015-09-20 00:00:00 UTC,0.001697933,622292.4016,2392.287086,-0.349842462
2015-09-19 00:00:00 UTC,0.002409103,882935.846,3612.331489,-0.081555956
2015-09-18 00:00:00 UTC,0.002613814,955679.687,9435.332547,0.062886819
2015-09-17 00:00:00 UTC,0.002454501,897430.7718,6438.27416,0.416666551
2015-09-16 00:00:00 UTC,0.001618107,591622.8958,1174.820805,0.107046936
2015-09-15 00:00:00 UTC,0.001453842,531563.4106,416.3079385,-0.027086711
2015-09-14 00:00:00 UTC,0.00149376,546158.4892,348.4344579,0.09555154
2015-09-13 00:00:00 UTC,0.001357636,496387.895,258.5724815,-0.098815908
2015-09-12 00:00:00 UTC,0.001498645,547944.2652,671.2930083,0.125587554
2015-09-11 00:00:00 UTC,0.001321772,483275.0833,1164.825508,0.010397063
2015-09-10 00:00:00 UTC,0.001308101,478276.4725,677.9342204,0.040553888
2015-09-09 00:00:00 UTC,0.001256114,459268.53,407.8805716,0.031307705
2015-09-08 00:00:00 UTC,0.001217397,445112.6368,3.795999071,-0.020375697
2015-09-07 00:00:00 UTC,0.001242457,454275.1463,74.64843995,0.078259551
2015-09-06 00:00:00 UTC,0.00114893,420079.3039,15.6704378,-0.050267937
2015-09-05 00:00:00 UTC,0.00120816,441735.5717,244.0409302,0.082066643
2015-09-04 00:00:00 UTC,0.00111297,406889.5541,270.2593785,0.173371181
2015-09-03 00:00:00 UTC,0.000935814,342064.8875,30.32637254,0.052458508
2015-09-02 00:00:00 UTC,0.000887988,324530.162,250.6559211,0.025284098
2015-09-01 00:00:00 UTC,0.000865817,316370.6567,116.9300571,0.033479571
2015-08-31 00:00:00 UTC,0.00083731,305890.1107,110.4556024,-0.056062771
2015-08-30 00:00:00 UTC,0.000885593,323454.3786,80.48858347,0.016601408
2015-08-29 00:00:00 UTC,0.000871012,318074.3984,36.93006203,0.015583068
2015-08-28 00:00:00 UTC,0.000857544,313106.5209,58.93992964,0.028520219
2015-08-27 00:00:00 UTC,0.000833432,304104.448,221.4301791,-0.047567465
2015-08-26 00:00:00 UTC,0.000874034,319027.7122,22.65272045,0.123570888
2015-08-25 00:00:00 UTC,0.000772436,281898.4789,33.80628214,0.078970133
2015-08-24 00:00:00 UTC,0.000713783,260451.7163,2.287082338,-0.214661709
2015-08-23 00:00:00 UTC,0.000884693,322762.7482,15.62055474,0.242306238
2015-08-22 00:00:00 UTC,0.000694321,253250.9745,138.8641728,-0.291529272
2015-08-21 00:00:00 UTC,0.00092933,338917.0668,194.9831643,0.123657023
2015-08-20 00:00:00 UTC,0.000821233,299451.3187,34.23643149,-0.017885254
2015-08-19 00:00:00 UTC,0.000836053,304808.4867,36.05509004,-0.09972768
2015-08-18 00:00:00 UTC,0.00092373,336707.4332,156.5115199,0.055321199
2015-08-17 00:00:00 UTC,0.000874016,318549.3528,6.045266373,0.011892456
2015-08-16 00:00:00 UTC,0.000863683,314732.6798,13.94405525,0.068526772
2015-08-15 00:00:00 UTC,0.00080648,293839.7515,1.315297545,0.030660674
2015-08-14 00:00:00 UTC,0.000782128,284622.9203,29.02232582,-0.056906638
2015-08-13 00:00:00 UTC,0.000827927,301289.578,122.6443635,-0.140749648
2015-08-12 00:00:00 UTC,0.000953057,346825.407,13.81256703,0.037970626
2015-08-11 00:00:00 UTC,0.000917547,333903.1154,0.396669865,0.098402237
2015-08-10 00:00:00 UTC,0.000831559,302611.1476,70.30414892,0.04975238
2015-08-09 00:00:00 UTC,0.000791199,287229.8277,67.56335465,-0.485311852
2015-08-08 00:00:00 UTC,0.001285446,466657.013,685.9783284,0.4827031
2015-08-07 00:00:00 UTC,0.000793266,287980.1173,26.65436517,0.005380483
2015-08-06 00:00:00 UTC,0.000789009,286434.8061,78.18379918,0.020526403
2015-08-05 00:00:00 UTC,0.000772978,280615.2615,182.6035976,0.000243126
2015-08-04 00:00:00 UTC,0.000772791,280547.0448,5.434946702,0.063355476
2015-08-03 00:00:00 UTC,0.000725349,263324.1947,112.7264809,-0.010843287
2015-08-02 00:00:00 UTC,0.000733257,266195.031,111.9011614,-0.047753522
2015-08-01 00:00:00 UTC,0.000769122,279215.1862,1.545970946,0.077773926
2015-07-31 00:00:00 UTC,0.000711571,258322.508,252.4714933,-0.058421096
2015-07-30 00:00:00 UTC,0.00075438,273863.5341,1.381709679,-0.021974269
2015-07-29 00:00:00 UTC,0.000771141,279948.0922,73.62739436,-0.089555099
2015-07-28 00:00:00 UTC,0.000843387,306175.7552,119.3385582,0.068783746
2015-07-27 00:00:00 UTC,0.000787326,285823.8049,323.5696927,-0.091111842
2015-07-26 00:00:00 UTC,0.00086243,313088.9692,106.8899342,0.013403868
2015-07-25 00:00:00 UTC,0.000850947,308920.3659,3.54699398,2.98E-05
2015-07-24 00:00:00 UTC,0.000850922,308911.1558,34.46108731,-0.029560375
2015-07-23 00:00:00 UTC,0.000876451,318178.9908,17.92046077,0.023441712
2015-07-22 00:00:00 UTC,0.000856144,310786.6662,0.731738575,0.054183881
2015-07-21 00:00:00 UTC,0.00081099,294371.9977,0.50135801,-0.008453079
2015-07-20 00:00:00 UTC,0.000817874,296823.5853,8.521459202,0.033371085
2015-07-19 00:00:00 UTC,0.000791031,286971.6479,0.153104431,-0.006266224
2015-07-18 00:00:00 UTC,0.000796003,288775.5224,0.203283325,-0.112508688
2015-07-17 00:00:00 UTC,0.000890793,323161.6064,97.32746154,0.290501693
2015-07-16 00:00:00 UTC,0.000666214,241666.9008,14.46043946,-0.062686204
2015-07-15 00:00:00 UTC,0.000709313,257234.1229,0.070989673,-0.266501276
2015-07-14 00:00:00 UTC,0.000925929,335694.4624,0.028698073,0.262536673
2015-07-13 00:00:00 UTC,0.00071213,258173.6766,47.38652227,-0.135660737
2015-07-12 00:00:00 UTC,0.000815598,295626.0558,28.25150577,-0.002491061
2015-07-11 00:00:00 UTC,0.000817632,296287.3362,13.78452377,-0.044766767
2015-07-10 00:00:00 UTC,0.000855067,309832.3728,3.17067796,0.003135336
2015-07-09 00:00:00 UTC,0.00085239,308822.9724,12.51876758,0.268618839
2015-07-08 00:00:00 UTC,0.000651597,236019.5068,151.8382735,-0.050998899
2015-07-07 00:00:00 UTC,0.000685689,248314.4148,59.56574773,0.03987919
2015-07-06 00:00:00 UTC,0.000658883,240367.6271,224.2181048,-0.128201775
2015-07-05 00:00:00 UTC,0.000749006,271202.691,180.9440361,-0.042141781
2015-07-04 00:00:00 UTC,0.000781245,282946.0907,1.057485228,-0.02427585
2015-07-03 00:00:00 UTC,0.000800442,289815.9009,195.5086603,-0.030268098
2015-07-02 00:00:00 UTC,0.000825041,298671.8198,124.2740966,0.032470163
2015-07-01 00:00:00 UTC,0.000798682,289083.825,32.86137523,-0.037349312
2015-06-30 00:00:00 UTC,0.000829076,300041.6637,9.380742968,0.030233622
2015-06-29 00:00:00 UTC,0.000804385,291068.1337,9.917348484,0.160439098
2015-06-28 00:00:00 UTC,0.000685151,247891.8045,180.8287712,-0.211820283
2015-06-27 00:00:00 UTC,0.000846796,306342.8185,392.0725967,0.09075835
2015-06-26 00:00:00 UTC,0.000773326,279728.9283,17.50862517,0.041245271
2015-06-25 00:00:00 UTC,0.000742079,268386.6589,50.34116046,-0.067094816
2015-06-24 00:00:00 UTC,0.000793577,286976.0801,129.0772236,0.041003956
2015-06-23 00:00:00 UTC,0.000761695,275412.2081,10.85442752,-0.040888029
2015-06-22 00:00:00 UTC,0.000793485,286864.7809,1.250382246,-0.03038259
2015-06-21 00:00:00 UTC,0.000817963,295667.0275,65.75552442,0.025697492
2015-06-20 00:00:00 UTC,0.000797211,287393.9236,29.99362191,0.040240869
2015-06-19 00:00:00 UTC,0.000765768,276058.5448,144.7306682,-0.095890185
2015-06-18 00:00:00 UTC,0.000842833,303840.5774,68.61297718,0.050036104
2015-06-17 00:00:00 UTC,0.000801699,289011.6631,43.71820266,-0.03594406
2015-06-16 00:00:00 UTC,0.000831039,299588.8708,255.3461242,0.118866066
2015-06-15 00:00:00 UTC,0.000737902,266012.9625,138.5449169,-0.005585966
2015-06-14 00:00:00 UTC,0.000742035,267503.0598,186.8636744,-0.006066214
2015-06-13 00:00:00 UTC,0.00074655,269130.7224,153.6782303,-0.015753734
2015-06-12 00:00:00 UTC,0.000758405,273404.1088,9.073440648,-0.012156504
2015-06-11 00:00:00 UTC,0.00076768,276748.0309,177.1462027,0.063585787
2015-06-10 00:00:00 UTC,0.000720386,259698.5847,85.31082686,0.008695182
2015-06-09 00:00:00 UTC,0.00071415,257450.2473,74.39748351,0.015080227
2015-06-08 00:00:00 UTC,0.000703461,253596.9662,45.45510522,0.044058217
2015-06-07 00:00:00 UTC,0.00067314,242666.4926,133.4691686,-0.018809309
2015-06-06 00:00:00 UTC,0.000685922,247274.0785,23.47278076,0.052473317
2015-06-05 00:00:00 UTC,0.000650857,234633.3385,33.97405402,0.070653729
2015-06-04 00:00:00 UTC,0.000606459,218627.7048,140.3102178,-0.169709976
2015-06-03 00:00:00 UTC,0.00071863,259065.3329,91.79862911,0.035580764
2015-06-02 00:00:00 UTC,0.00069351,250003.6919,220.0963943,-0.061931706
2015-06-01 00:00:00 UTC,0.000737818,265929.7964,320.5134233,0.031512006
2015-05-31 00:00:00 UTC,0.00071493,257635.1876,299.3166933,-0.015686835
2015-05-30 00:00:00 UTC,0.000726234,261672.6462,113.793497,-0.020962947
2015-05-29 00:00:00 UTC,0.000741619,267185.6987,57.39233109,0.01720927
2015-05-28 00:00:00 UTC,0.000728965,262495.9126,109.903601,0.008937542
2015-05-27 00:00:00 UTC,0.000722479,260160.2972,181.25135,0.043427196
2015-05-26 00:00:00 UTC,0.000691775,247871.4099,19.20479248,-0.020008233
2015-05-25 00:00:00 UTC,0.000705756,252880.8264,51.41051976,-0.164445878
2015-05-24 00:00:00 UTC,0.000831902,298080.6877,92.96343736,0.198397273
2015-05-23 00:00:00 UTC,0.000682197,244439.2815,57.39224305,-0.024718862
2015-05-22 00:00:00 UTC,0.00069927,250556.8405,448.4935182,-0.159365884
2015-05-21 00:00:00 UTC,0.000820081,293844.7853,341.5894581,0.01815328
2015-05-20 00:00:00 UTC,0.000805328,288558.6641,394.0095369,0.210936121
2015-05-19 00:00:00 UTC,0.000652175,233682.2499,207.3562683,-0.050406327
2015-05-18 00:00:00 UTC,0.000685892,245763.2351,327.9314925,0.044404442
2015-05-17 00:00:00 UTC,0.000656101,235089.0013,628.4857304,-0.028595005
2015-05-16 00:00:00 UTC,0.000675133,241908.4083,122.7667571,-0.030898505
2015-05-15 00:00:00 UTC,0.000696319,249499.6921,31.44909235,-0.019614138
2015-05-14 00:00:00 UTC,0.000710112,254441.722,44.28187357,-0.016231602
2015-05-13 00:00:00 UTC,0.000721732,258605.419,88.1496141,-0.00967486
2015-05-12 00:00:00 UTC,0.000728749,261119.5325,57.67633641,0.023791959
2015-05-11 00:00:00 UTC,0.000711615,254980.309,32.24536909,0.027444512
2015-05-10 00:00:00 UTC,0.000692351,248077.652,73.74471525,-0.157580229
2015-05-09 00:00:00 UTC,0.000810517,290418.2248,106.4230295,0.218140373
2015-05-08 00:00:00 UTC,0.000651666,233499.9039,69.46020414,-0.041968121
2015-05-07 00:00:00 UTC,0.000679597,243507.9976,21.21410523,0.073622757
2015-05-06 00:00:00 UTC,0.000631361,226224.31,29.06567702,-0.0331091
2015-05-05 00:00:00 UTC,0.000652615,233839.7681,102.5015517,0.005507581
2015-05-04 00:00:00 UTC,0.00064903,232555.4166,671.987728,-0.15842115
2015-05-03 00:00:00 UTC,0.000760443,272475.7714,70.446156,0.043149196
2015-05-02 00:00:00 UTC,0.000728328,260968.7065,162.3535275,0.022434467
2015-05-01 00:00:00 UTC,0.00071217,255179.1978,105.7338161,-0.02896129
2015-04-30 00:00:00 UTC,0.000733097,262677.5738,40.74136966,0.01446041
2015-04-29 00:00:00 UTC,0.000722573,258906.4798,19.34874606,0.078677529
2015-04-28 00:00:00 UTC,0.000667901,239317.0844,217.1581072,-0.093111886
2015-04-27 00:00:00 UTC,0.000733078,262670.7303,104.71713,-0.025314483
2015-04-26 00:00:00 UTC,0.000751872,269404.9815,453.8225997,0.087081218
2015-04-25 00:00:00 UTC,0.000689168,246937.3193,37.4109751,0.126143174
2015-04-24 00:00:00 UTC,0.000607494,217672.4398,984.921087,-0.217252229
2015-04-23 00:00:00 UTC,0.000754907,270492.2892,2.975067416,-0.080551988
2015-04-22 00:00:00 UTC,0.000818232,293169.9719,57.86086053,0.1436382
2015-04-21 00:00:00 UTC,0.000708754,253896.7414,19.25206536,0.065296214
2015-04-20 00:00:00 UTC,0.000663953,237804.7103,395.4408488,0.000547598
2015-04-19 00:00:00 UTC,0.00066359,237627.0593,123.2083139,-0.001222974
2015-04-18 00:00:00 UTC,0.000664402,237879.3069,138.5770344,-0.291960932
2015-04-17 00:00:00 UTC,0.000889668,318476.7724,756.2278301,-0.029776979
2015-04-16 00:00:00 UTC,0.000916558,328045.6368,206.6924466,0.314769084
2015-04-15 00:00:00 UTC,0.000669048,239420.7058,7.987130765,-0.15957036
2015-04-14 00:00:00 UTC,0.000784798,280794.494,5.475512255,-0.01010685
2015-04-13 00:00:00 UTC,0.00079277,283605.9612,885.829116,-0.210298434
2015-04-12 00:00:00 UTC,0.000978315,349790.3037,2.720526067,0.033800345
2015-04-11 00:00:00 UTC,0.0009458,338164.8496,116.3306222,0.179555338
2015-04-10 00:00:00 UTC,0.00079035,282584.6523,559.7431391,-0.205191764
2015-04-09 00:00:00 UTC,0.000970361,346889.6437,109.9268737,-0.149974786
2015-04-08 00:00:00 UTC,0.00112737,402873,791,-0.022184828
2015-04-07 00:00:00 UTC,0.00115266,411832,114,0.104362358
2015-04-06 00:00:00 UTC,0.00103843,370950,21,0.112694313
2015-04-05 00:00:00 UTC,0.000927758,331359,36,-0.00408753
2015-04-04 00:00:00 UTC,0.000931558,332650,8,0.059083166
2015-04-03 00:00:00 UTC,0.000878113,313505,7,-0.009061295
2015-04-02 00:00:00 UTC,0.000886106,316292,146,-0.214481897
2015-04-01 00:00:00 UTC,0.00109808,391877,68,0.13068372
2015-03-31 00:00:00 UTC,0.00096356,343807,107,-0.174331385
2015-03-29 00:00:00 UTC,0.00114707,409217,124,0.021928732
2015-03-28 00:00:00 UTC,0.00112219,400257,317,0.124740725
2015-03-27 00:00:00 UTC,0.000990586,353246,52,0.197147461
2015-03-26 00:00:00 UTC,0.00081334,289971,227,-0.071614165
2015-03-25 00:00:00 UTC,0.000873723,311429,55,-0.042002313
2015-03-24 00:00:00 UTC,0.000911203,324712,81,-0.15229568
2015-03-23 00:00:00 UTC,0.0010611,378034,58,0.229252551
2015-03-22 00:00:00 UTC,0.00084371,300509,384,-0.196276741
2015-03-21 00:00:00 UTC,0.00102668,365592,44,-0.179634543
2015-03-20 00:00:00 UTC,0.00122871,437428,232,0.190002911
2015-03-19 00:00:00 UTC,0.00101609,361653,340,0.052746251
2015-03-18 00:00:00 UTC,0.000963884,342988,81,-0.020413042
2015-03-17 00:00:00 UTC,0.000983762,349982,216,-0.275082728
2015-03-16 00:00:00 UTC,0.00129526,460710,31,0.007260362
2015-03-15 00:00:00 UTC,0.00128589,457296,859,
